,filename,ID,Result,AA_Rationale,AA_Factor,AD_Rationale,AD_Factor,RA_Rationale,RA_Factor,RD_Rationale,RD_Factor
0,"201607/臺灣新北地方法院民事/PCDV,104,家聲抗,144,20160721,1.json",46_11_4da0b5,b,能善盡養育及照顧乙○○之責，具有良好教養能力，其收入可負擔自身及乙○○生活所需。係於與抗告人丙○○發生爭執後，在抗告人丙○○叫其滾出去之情況下，始自行離家，致與乙○○長期分居二處，而單獨由抗告人丙○○繼續養育，此一結果顯然不能完全歸責於抗告人甲○○,"親子感情,意願能力,父母生活,父母經濟",既久未與其子女共同生活，對於其子女之個性、身心狀況、人格傾向，恐較欠缺足夠之瞭解，對其子女品行、身心、教育、道德倫常之教育輔導，其能否順利進行，亦恐生較多變數，此對其子女之成長自較為不利。隻身在臺，無其他親友可協助照顧乙○○,"支持系統,親子感情,父母品行,父母生活",於擔任未成年子女乙○○之主要照顧者期間，有固定工作，除乙○○之健保費外，由抗告人丙○○單獨負起扶養之義務，親自接送乙○○至學校，用心送醫治療乙○○之妥瑞氏症，對乙○○日常生活起居等細節之照顧無任何不當之處，就現狀而言，乙○○與相對人間之親子互動關係較為緊密等情未成年子女乙○○已清楚表達接受由抗告人丙○○行使或負擔其權利義務之意願。未成年子女乙○○已明確表明意願，希望與抗告人丙○○同住，基於子女意願之尊重，客觀上亦不便於由兩造共同任子女親權人，因此認共同行使子女親權反不利於子女，自不宜由兩造共同行使對於乙○○之親權。,"親子感情,父母經濟,子女意願,意願能力,主要照顧",,
1,"201510/臺灣臺北地方法院民事/TPDV,103,家婚聲,40,20151006,1.json",09_07_6ceb39,c,經濟狀況穩定，身心健康狀況尚可，有支持系統可協助照顧子女，且為未成年子女之主要照顧者，與未成年子女有良好依附關係,"親子感情,支持系統,父母經濟,父母健康,主要照顧",在婚前並未做好良好的規劃，且未能與被告進行良好溝通，未有作為善意父母之積極作為，且未有協助未成年子女與聲請人正向情感連結之意願，對於子女未來照顧計畫薄弱。對於子女目前身心發展了解有限，且缺乏實際照顧子女之想法，其未來照顧計畫薄弱，並未能考量案祖母在照顧未成年子女時，其體力能否負荷,"親子感情,支持系統,意願能力,人格發展,友善父母",身心狀況尚稱健康，且有支持系統可協助照顧子女,"父母健康,意願能力,支持系統",未有協助未成年子女與聲請人正向情感連結之意願，對於子女未來照顧計畫薄弱經濟狀況仍未穩定面對未能掌握子女訊息時，亦有緊張之情緒，其行為反應亦造成他人壓力，未來亦恐影響子女身心健康。,"親子感情,意願能力,友善父母,父母經濟"
2,"201504/臺灣高雄少年及家事法院民事/KSYV,102,家親聲,611,20150407,1.json",21_19_6fde08,b,其在經濟上有足夠能力能照顧被監護人，加上原告家人均會協助，被告會灌輸不良價值觀與被監護人，導致被監護人對原告產生負向觀感，互動不佳，監護動機強烈對被監護人教育規劃，尊重被監護人的學習意願，據原告表示與被監護人間互動關係良好，原告以照片呈現與被監護人互動狀況和樂，會以溝通的方式管教被監護人，並會依被監護人就讀狀況給予適當教育規劃，只要被監護人願意讀就會栽培與被監護人互動關係尚良好，教育及管教被監護人部份均會協助教導，且只要一有時間均會帶被監護人外出走走未來對於被監護人重視其教育培育，表示願意盡力栽培，其親職能力有發揮空間。,"親子感情,支持系統,父母經濟,意願能力,人格發展",自從被告將被監護人帶返台後，原告前往探視認為被告均會刻意阻止，因此導致其依附關係較薄弱，未來需增加其親子互動關係，將有助於提升情感依附。目前對其被監護人生活狀況皆不清楚，會前往被監護人幼稚園探視被監護人，但認為被告刻意阻攔探視，導致與被監護人關係相處較少自述被告刻意阻止探視導致與被監護人互動機會較少，無法建立親子關係，另被監護人見到兩造爭執狀況，導致與原告關係較為疏離、衝突，加上被監護人尚年幼，生活照料上均由被告及被告家人照顧，與被告依附關係緊密，因此評估在監護權上被告優於原告未成年子女於此稚齡時期，較需母愛關懷撫育及穩定之成長環境，前於_SpecificMonth_即因父母分居而與反請求聲請人甲○○返臺住居迄今，若率然變更其成長環境，恐將影響未成年子女之身心發展，自屬對子女之負面影響，不利於子女之成長,"子女年齡,親子感情,支持系統,人格發展,友善父母",被監護人從小都是自己在照顧目前經濟上有能力照顧被監護人，加上認為原告有暴力行為無法勝任照顧被監護人之責任，其監護動機強烈。於訪視過程中，被監護人均依偎在被告身旁玩耍。透過單獨訪視被監護人，被監護人表示喜歡目前生活。對於管教子女以民主方式溝通，以講述道理及適當處罰來教導被監護人，教育上尊重其意願，期待自己有能力能帶被監護人出國讀書，但重視品行，表示有能力會盡力栽培之，對被監護人之教養良善。目前負擔被監護人的照顧責任，被告表示與被監護人互動良好，社工觀察被監護人於訪視期間，自在的在旁玩耍，彼此互動輕鬆，表現自在，不時會依偎在被告身邊，再加上目前被監護人生活上都由被告及被告家人照顧，故與被監護人的情感依附較為緊密。對於管教子女的方式以民主理性溝通方式進行，對被監護人目前生活狀況亦甚暸解，生活照料均由被告及被告家人照顧，會以溝通方式適時瞭解被監護人狀況，且對被監護人未來教育上能尊重其意願及自由發展，重視其品行，其教養觀念正確，其親職能力良好。目前為被監護人的主要照顧者，工作時間能配合被監護人之作息，雖經濟及家庭支持系統上是原告優於被告，但被告仍有被告大姐的協助與支持，在客觀條件上有適任之條件,"親子感情,父母生活,支持系統,父母經濟,子女意願,父母品行,意願能力,人格發展,父母職業,主要照顧",,
3,"201611/臺灣彰化地方法院民事/CHDV,104,家親聲,340,20161104,1.json",24_18_6003f3,a,黃文霖明確表示希望與案母住在一起。案娘家環境、生活機能及提供案主之支持、協助，目前生活狀況穩定，且案主對於案子女之教養亦皆有階段性之規劃未成年子女黃薪晏、黃文霖分別為_AgesYear_及_AgesYear_，理解及表達能力清晰，能充分表達願，其等目前生活及就學狀況良好，且明確表達與聲請人同住之意願,"子女年齡,親子感情,支持系統,子女意願,意願能力",案母聲請暫時保護令後將案主們帶回新北市，並將案主們學籍轉至秀蘭國小就讀，完全未顧慮到案主們課業及在新環境是否能適應，讓案父覺得案母作法欠周全。,"親子感情,父母品行",為案主們所安排之居住處為案祖父持有，案祖父受訪時亦表示樂意協助照顧案主們生活起居，因此，案父的教養能力、滿足案主們基本物質需求、提供居住成長環境及協助教養功能方面均有正向評估。黃薪晏明確表示希望與案父在一起生活,"子女意願,意願能力,支持系統,父母經濟",案夫於過往兩造發生衝突時，全然不會顧及當下子女是否在場，除逕自大聲咆哮、謾罵外，甚至還出現翻桌，持刀揮舞之舉，此行為皆造成案主及其子女莫大之恐懼，加上案夫過往鮮少照顧和陪伴子女,"親子感情,意願能力,父母品行,父母生活"
4,"201707/臺灣臺中地方法院民事/TCDV,106,家簡,19,20170712,1.json",39_23_d30026,a,未成年子女王焌剛係居住於原告之住處維持兩造未成年子女王焌剛目前之生活型態，最符合未成年子女王焌剛之最佳利益,"主要照顧,父母生活",原告行使未成年子女之親權意願低落,意願能力,被告仍有行使未成年子女親權之意願本案未成年子女現年_AgesYear_，本會認為應尊重未成年子女主觀利益，故建議本案宜裁定由被告單方行使未成年子女之親權,"子女意願,意願能力",,
5,"201506/臺灣新北地方法院民事/PCDV,103,婚,740,20150622,2.json",50_19_511600,a,親屬依附關係皆親密良好，親屬互動關係良好。故依幼兒從母、現狀維持原則、親職能力等面向評估，由聲請人甲○○單獨行使未成人親權並無不合宜之處。本院審酌兩造所生之女丙○○現年為_AgesYear_之稚齡幼兒，亟需親人貼近之關懷、照顧及教養，而丙○○自出生迄今均由聲請人甲○○擔任主要照顧者，業與丙○○產生深厚之情感依附關係；是兩造所生未成年子女丙○○為女性，現年_AgesYear_餘，正需母愛之關懷與照拂，且與聲請聲請人甲○○為相同性別，在其成長過程，甲○○可提供較多自身經驗，有利丙○○之性別認同、身心發展是兩造未成年子女丙○○自出生迄今既均由聲請人甲○○擔任主要照顧者，已與聲請人甲○○產生深厚之情感依附關係，併參以學理上主要照顧者、最小變動及幼年從母、同性原則等原理原則等一切情狀，認兩造所生未成年子女丙○○權利義務之行使或負擔，酌定由聲請人甲○○單獨任之，符合子女之最佳利益，,"子女年齡,親子感情,支持系統,意願能力,人格發展,主要照顧",,,綜上所述，相對人乙○○於教養能力、經濟能力及支持系統等方面皆穩定，且具監護意願，監護動機亦為正向目的。,"意願能力,支持系統,父母經濟",惟於兩造同住期間鮮少照顧、陪伴丙○○，於_SpecificDate_兩造分居後，未再親身照顧陪伴，顯見相對人乙○○與丙○○間之親子關係疏離。,"親子感情,父母生活"
6,"201711/臺灣士林地方法院民事/SLDV,105,婚,79,20171130,1.json",14_40_66ead9,a,案主一直是由原告主責照顧，原告有實質照顧案主之經驗，且用心呵護及無微不至照顧案主，故評估原告有積極之意願及行動力承擔監護案主之責。與案主間的親子關係良好、正向，彼此間有建立深厚程度之親情依附情感。案主清楚表達與原告同住生活之意願，明顯認同及信任原告，對持續由原告養育她是為放心，案主亦指出原告確實親自照顧她的生活，並一直陪伴在身旁給予關心呵護；評估原告之經濟能力是為優渥，具備供應案主良善穩定的生活，可讓案主需求獲得正常無礙且充裕案主權利義務之行使與負擔，原告無不當勝任之處，原告可單方勝任案主監護人角色一職。,"子女意願,親子感情,意願能力,父母經濟",,,於經濟能力、支持系統、親權意願、教育規劃等方面具良好能力於經濟能力及支持系統等方面均具單獨照護未成年子女俞悅之條件，且皆有監護之強烈意願。,"親子感情,意願能力,支持系統,父母經濟",,
7,"201704/臺灣高雄少年及家事法院民事/KSYV,105,家親聲抗,35,20170411,1.json",41_22_ca73ab,b,經濟方面，依兩造目前自述工作及薪資收入，評估兩造均有一定經濟能力扶養被監護人，應可維持被監護人基本生活需求。親屬資源方面，兩造均有充足的親屬資源可協助照顧被監護人生活起居。聲請人（即抗告人，下均同）在親職教養上態度積極，參與許多親職教育，親職教養計畫課程，並對於資源轉介也積極配合。聲請人雖有些時日未能與未成年子女見面，但目前探視狀況良好，未成年子女對於聲請人也未有任何負向評價，喜歡與聲請人出遊互動，並感到放鬆。,"親子感情,支持系統,父母經濟,子女意願,意願能力,主要照顧",,,經濟方面，依兩造目前自述工作及薪資收入，評估兩造均有一定經濟能力扶養被監護人，應可維持被監護人基本生活需求。親屬資源方面，兩造均有充足的親屬資源可協助照顧被監護人生活起居。未成年子女自幼即由相對人及其母親擔任主要照顧者，對於未成年子女之生活起居及課業指導上皆不遺餘力。相對人與未成年子女有深厚之依附關係，也對於未成年子女之身心狀態及其個性特質等皆有了解，就繼續性原則及環境適應性而言，宜繼續由相對人照顧本案未成年子女現於相對人照顧下，未有明顯遭受身心不利對待之情事。,"親子感情,支持系統,父母經濟,意願能力,主要照顧",相對人易與未成子女談論聲請人的缺失，易形成未成年子女忠誠議題而影響內在認同及親子互動。」,"親子感情,意願能力"
8,"201501/臺灣新北地方法院民事/PCDV,103,婚,561,20150123,2.json",47_39_e166da,b,以往聲請人會主動陪伴及協助照料案主生活，惟隨著兩造關係變差，聲請人似遭相對人阻擾而難與案主接觸往來，然聲請人利用閒暇時間試圖與案主對話互動，因此評估聲請人尚有心維持與案主之親子關係聲請人對案主言行及作息的觀察注意，又其尚能具體陳述案主之前的學習情況，可知聲請人應會主動關心及參與處理案主生活及學校事務，評估聲請人之親職能力不差，聲請人從事電子業，薪資收入不低且無惡性負債，又所住房屋為自有而無需房貸或房租支出，因此評估聲請人之經濟能力佳，故建議協調裁判兩造雙方分攤支付扶養費，以盡為人父母養育子女的責任，亦確保提供案主之生活及教育無虞聲請人認為相對人妨礙父女親情培養，並其情緒化且刻意傳遞關於聲請人方之負面訊息予案主的作為，不僅造成聲請人與案主間的隔閡，更為不當教養，因此聲請人希望能單獨監護案主，未來不會變更現案主的居住與就學，案祖父母則為協助照顧者，評估聲請人具備監護意願及行動力。,"親子感情,支持系統,父母經濟,父母品行,意願能力,主要照顧,友善父母",因對造所限而父女間難以親近交心。兒少瑞好清楚表示希望由母親監護,"親子感情,友善父母",案主表達習慣由相對人照顧生活及一起行動，言談間表現出對相對人的依賴與信任。丙○○之生活起居均由相對人照料，丙○○與相對人之依附關係較深。相對人平時與兒少常有互動，依附關係緊密，未來也希望持續照顧兒少，監護動機強烈。相對人娘家無論室內室外均有足夠的活動空間，可讓兒少玩耍、活動，且住處鄰近學區，生活機能佳。兒少自出生以來，由相對人擔任主要照顧者，對於兒少的喜好相當了解，再者由兒少的發展與表現來看，可得知相對人非常用心在規劃與教育兒少。相對人娘家提供住處，未來也願意協助照顧兒少，支持系統穩固。,"親子感情,父母生活,支持系統,子女意願,意願能力,主要照顧",,
9,"201704/臺灣屏東地方法院民事/PTDV,105,家親聲,327,20170428,1.json",16_03_63d925,a,親權能力、親職時間及照護環境均屬良好，受監護人外祖母亦能提供協助，受監護人亦表達與聲請人同住意願，聲請人適任親權人訪視評估報告足稽，斟酌上情，兩造之監護意願或屬相當惟未成年子女甲○○與聲請人同住多時，受照護情況良好，,"親子感情,父母生活,支持系統,子女意願,意願能力",,,雖經濟能力佳、非正式資源充足訪視評估報告足稽，斟酌上情，兩造之監護意願或屬相當,"意願能力,父母經濟",表示自兒少出生迄今，除前3年外，相對人與兒少互動微乎其微，對兒少個性及身心需求亦不了解，但在爭取兒少監護責任、了解兒少身心發展、照顧能力上均不適任兒少監護人，且相對人未實際與兒少共同生活，在關係建立上需花更多時間和精力，若兒少離開長期居住環境與相對人同住，也會對兒少身心產生負面影響等語對於由聲請人擔任親權人表示不爭執,"親子感情,友善父母,人格發展"
10,"201601/臺灣彰化地方法院民事/CHDV,104,親,2,20160120,2.json",51_20_a0e668,a,案主年幼，現與案母同住，其狀況良好，親子互動親密。兩造經濟能力皆能滿足案主之需求，唯案主出生至今皆由案母及其家人照料本院評估兩造現狀及親子互動關係等，爰認對於兩造未成年子女即原告甲○○權利、義務之行使、負擔者由原告乙○○任之係符合未成年子女之最佳利益。,"子女年齡,親子感情,父母生活,父母經濟",,,兩造經濟能力皆能滿足案主之需求,父母經濟,未曾主動探視及電話關心，且避不見面。案主出生後，案母曾要求共組家庭，但自己因故拒絕。,"親子感情,父母生活"
11,"201608/臺灣高雄少年及家事法院民事/KSYV,102,家親聲,544,20160830,2.json",48_28_8e8860,b,綜合經濟能力、親職能力、居住環境、支持系統、監護動機等項，提出評估建議，認：甲○○與丙○○在經濟狀況及親職能力上各佔優勢甲○○、丙○○均適合監護工作，建議由甲○○、丙○○共同監護，,"親子感情,支持系統,父母生活,父母經濟",審酌甲○○與丙○○間對於乙○○之教育及生活照顧方式仍有歧見，難以相互信任，對於乙○○權利義務之行使負擔均聲請單獨任之，無共同行使親權之共識，不適合共同行使親權,"親子感情,意願能力",綜合經濟能力、親職能力、居住環境、支持系統、監護動機等項，提出評估建議，認：甲○○與丙○○在經濟狀況及親職能力上各佔優勢甲○○、丙○○均適合監護工作，建議由甲○○、丙○○共同監護，乙○○年僅_AgesYear_，出生後即與丙○○同住迄今，習於丙○○及同住家人之照顧及生活環境，已建立穩定及親密之情感，如變動其熟悉之生活環境而全面改變其生活方式，恐不利於其成長及人格發展，認本件關於甲○○與丙○○所生未成年子女乙○○權利義務之行使或負擔由丙○○任之，較符合未成年子女之最佳利益,"子女年齡,親子感情,支持系統,父母經濟,人格發展",審酌甲○○與丙○○間對於乙○○之教育及生活照顧方式仍有歧見，難以相互信任，對於乙○○權利義務之行使負擔均聲請單獨任之，無共同行使親權之共識，不適合共同行使親權,"親子感情,意願能力"
13,"201611/臺灣高等法院臺南分院民事/TNHV,105,家上,31,20161130,2.json",50_30_5cb9e2,a,希望維持現狀繼續照顧黃○○，有積極之意願欲負擔照顧責任；有足夠的工作收入，亦有穩固的支持系統，在生活上確實讓黃○○受到妥善的照顧，在各項評估指標上顯示其足以負擔照顧責任無虞；考量黃○○自出生至今主要居住於抗告人娘家，由抗告人及其家人照顧其生活起居，依主要照顧者原則及照顧之繼續性原則而言，建議由抗告人負擔黃○○的照顧責任應是較為合宜本院斟酌上開訪視報告，審酌黃○○自出生時起，主要居住於抗告人娘家，由抗告人及其家人照顧其生活起居多年，受到妥善照顧基於未成年子女最佳利益之考量，爰認對於兩造所生未成年子女黃○○權利義務之行使或負擔，以由抗告人任之較為適當。,"親子感情,支持系統,父母經濟,意願能力,主要照顧",,,希望兩造能夠維繫婚姻關係，共同負擔黃○○的照顧責任。有穩定的工作收入，亦有親屬可提供照顧之協助，,"主要照顧,支持系統,父母經濟",,
16,"201503/臺灣士林地方法院民事/SLDV,103,婚,369,20150306,1.json",16_05_1b4347,a,綜上所述，原告於親職能力、經濟能力、教養能力及支持系統等方面皆穩定，且具高度監護意願，監護動機亦為正向目的，且原告為目前被監護人之主要照顧者；在親職能力、經濟能力、教養能力及支持系統等方面，均具有單獨撫育甲○○之能力，主觀上亦有監護之意願，且長期負責照顧甲○○，已與甲○○間形成良好之情感依附關係，亦未見過去有何照顧不週或疏忽之情事。甲○○已年滿_AgesYear_，應具有事理判斷與表達意見之能力，併參其於訪視及本院審理時陳明願由原告單獨監護，並共同生活等語，本院亦應尊重其意願。認對於甲○○權利義務之行使或負擔，應酌定由原告單獨任之，始符合未成年子女之最佳利益,"子女年齡,親子感情,支持系統,父母經濟,子女意願,意願能力,主要照顧",曾有家庭暴力行為，且被監護人亦曾目睹家庭暴力。,"親子感情,父母生活",則於經濟能力、教養能力及支持系統等方面皆穩定，且具高度監護意願,"親子感情,意願能力,支持系統,父母經濟",曾有家庭暴力行為，且被監護人亦曾目睹家庭暴力。現未與甲○○同住，僅偶爾與甲○○見面，與甲○○之親子關係較顯疏離。,"親子感情,父母品行,父母生活"
17,"201602/臺灣士林地方法院民事/SLDV,103,婚,375,20160223,1.json",30_41_8b5d36,b,兩造均具撫育監護子女能力，,親子感情,,,兩造均具撫育監護子女能力，惟本院考量未成年子女陳芝妤以前多數時間係由被告即反請求原告甲○○擔任主要照顧者，照護情形良好，故訪視報告結論亦認未來宜由被告即反請求原告甲○○擔任其主要照顧者，且未成年子女陳芝妤於訪視時已明確表達希望與母親同住，,"子女意願,主要照顧,親子感情,意願能力",,
18,"201501/臺灣臺北地方法院民事/TPDV,102,婚,351,20150130,3.json",51_33_e934db,b,有監護之意願，而目前有穩定之收入，可提供未成年子女生活所需，且聲請人工作時間彈性，亦有足夠時間可親自照顧未成年子女，以原告目前之監護能力，原告適合擔任未成年子女之監護人等認兩造雖均有監護未成年子女之意願及能力，,"父母生活,意願能力,父母職業,父母經濟",自承其自102年起至_SpecificMonth_並未支付被告及丙○○之生活費、扶養費，且自_SpecificMonth_至_SpecificMonth_未前往探視丙○○等語明顯對未成年子女欠缺責任感，並有給未成年子女喝鳳梨啤酒之不當行為,親子感情,有照顧及單獨監護未成年子女之意願，工作及收入尚穩定，現階段尚能給予未成年子女穩定成長環境，又與家人同住，父母親可為穩定良好支持系統。觀察被告與未成年子女依附關係緊密良好，瞭解未成年子女身心發展狀況，未成年子女可接受其管教；評估其過去與現在均有實際撫育陪伴，親職能力尚良好。評估未成年子女目前無明顯被照顧不當情事，可維持由被告照顧，被告無明顯不適任監護人，依上開訪視報告，並考量未成年子女丙○○表明願與被告同住認兩造雖均有監護未成年子女之意願及能力，然未成年子女與被告同住多時，依附關係緊密，且未成年子女年僅_AgesYear_，倘令其脫離現狀，無論就學或生活均須重新適應，對未成年子女顯屬不利，是對未成年子女權利義務之行使或負擔，應由被告單獨任之，較符合丙○○之最佳利益。,"子女年齡,親子感情,父母生活,支持系統,父母經濟,子女意願,意願能力,人格發展,主要照顧",,
19,"201710/臺灣臺中地方法院民事/TCDV,106,家親聲,585,20171017,1.json",41_06_8eb5d2,a,惟兩造都欲爭取擔任主要照顧者之角色。然就本會所獲資訊，兩造過往皆有照顧未成年子女之事實，亦均可處理未成年子女之生活事務，其經濟能力亦可負擔未成年子女之生活所需原告在實際做法上對於未成年子女之各項照顧細節確實擁有縝密之規劃與關注。原告與未成年子女為相同性別，在生理照顧之注意方面較能予以關注與引導考量最小變動、年幼從母、同性別等諸原則,"子女年齡,親子感情,父母經濟,意願能力,主要照顧",原告之行為恐有限制被告探視未成年子女之情形原告未有交付未成年子女予被告之情況。原告之顧慮而限制被告探視之行為恐有影響被告與未成年子女保持良好互動與依附，實難言其為友善父母。,"親子感情,友善父母",惟兩造都欲爭取擔任主要照顧者之角色。然就本會所獲資訊，兩造過往皆有照顧未成年子女之事實，亦均可處理未成年子女之生活事務，其經濟能力亦可負擔未成年子女之生活所需,"主要照顧,親子感情,意願能力,父母經濟",,
20,"201509/臺灣新竹地方法院民事/SCDV,103,婚,117,20150925,1.json",46_12_7833c5,b,案主年齡_AgesYear_，已可清楚陳述過往被照顧情形，依案主所述，過往案父未離家前堪稱好父親，乙○○雖積極爭取甲○○之親權，且有相當經濟及家庭支持功能，,"子女年齡,親子感情,支持系統,父母經濟,意願能力",外遇離家後，對其與案母二人再無理會，因此對案父不甚諒解目前工作未定，其若取得親權，能否親自行使保護教養甲○○之情況尚有疑，且其若在大陸地區工作，甲○○則係由乙○○之家庭成員照顧，然父母子女之親情，難由其他親屬取代，乙○○及其家庭成員長期非甲○○主要照顧者，其等能否滿足甲○○身心等各方面需求，容有疑慮。,"主要照顧,親子感情,支持系統,父母生活",考量過往照顧經驗，未來期待也能延續照顧案主，案母並無不妥適監護動機；身心狀況及親職能力部份，案母能自行找尋紓壓方式，也能以自身過往經驗協助案主渡過案父離家之創傷，也能積極處理案主拒學問題，身心狀況及親職部份應屬足以提供案主所需過往多由案母照顧，明確表達希望繼續由案母照顧及監護之意願，評估案主監護意願明確，應可採信。就甲○○之教育方式，不同於一般學齡兒童按部就班接受傳統國民義務教育，但在家自學或融合學校，既係國民義務教育體系中合法之一環，丙○○依甲○○之個性、抗壓性、興趣等，以適性性為考量甲○○已_AgesYear_，對於與父母、父母之各家庭成員間互動，何者能給予其安全、滿足之心理環境及妥適的生活照顧，已有相當判斷能力，其在本院表達與丙○○共同生活之意願，本院亦當採酌。且甲○○對目前生活、就學環境已相當熟悉、適應，並無改變其目前生活之必要，以免徒增其適應上之壓力與困擾。,"子女年齡,親子感情,子女意願,父母健康,意願能力,主要照顧",婚後即未有工作，目前雖已於職訓局參加課程，但亦仍未有收入，每月房貸高達_AmountOfMoney_，生活支出全仰賴娘家家人協助，於未來計畫部分未見更為具體之因應對策，故案母非優先適合擔任監護人,"父母生活,父母經濟"
21,"201510/臺灣士林地方法院民事/SLDV,104,婚,123,20151030,1.json",31_02_054e98,c,未成年子女表示過去長期由原告照顧，考量未成年子女向由原告照顧，彼此熟悉，與被告互動關係疏離，但為避免未來未成年子女與被告間之關係僵化，建議由兩造共同行使親權，並由原告擔任主要照顧者，兩造均具有行使親權之意願及能力，然原告具有照顧乙○○、甲○○之經驗，目前亦與其等共同生活，互動關係良好，,"主要照顧,親子感情,意願能力",身心健康，過去擔任未成年子女之主要照顧者，與被告分居後仍有穩定工作，親屬亦能協助照顧未成年子女，然未能與被告協調教養方式之落差，導致衝突發生，甚使未成年子女陷入兩造之衝突關係，居住環境雖穩定，但無法滿足未成年子女對於獨立生活空間之需求；,"親子感情,父母生活,支持系統,父母健康,意願能力,主要照顧",,,具有照顧未成年子女之身心條件及經濟能力，亦能由親屬協助在工作時照顧未成年子女，但過去未能實際負擔教養工作，與未成年子女之互動有限，居住環境尚未能滿足未成年子女對於獨立生活空間之需求；兩造均具有行使親權之意願及能力，被告則因工作而與未成年子女較為疏離，互動關係亦見緊張，,"親子感情,父母生活,支持系統,父母經濟,意願能力,父母職業"
22,"201706/臺灣彰化地方法院民事/CHDV,105,婚,288,20170626,1.json",15_11_bffc8d,a,在經濟能力、居住環境、提供協助教養功能及滿足案主基本物質生活均為正面。顧及案主年紀尚幼，正值需要父母親的呵護照顧，且案父母的監護照顧條件均不分軒輊應具有單獨照顧未成年子女之親職能力所生未成年子女邱奕縢自_SpecificDate_出生以來，除被告返回娘家期間，未成年子女邱奕縢由被告家屬協助照顧外，其餘原告與被告共同生活期間，未成年子女邱奕縢皆由原告及原告家屬照顧為主,"子女年齡,父母生活,支持系統,父母經濟,意願能力",,,在經濟能力滿足案主基本物質需求、提供成長環境及協助教養等功能亦為正向。顧及案主年紀尚幼，正值需要父母親的呵護照顧，且案父母的監護照顧條件均不分軒輊,"子女年齡,親子感情,支持系統,父母經濟,意願能力",生活依賴父母協助之處較廣，若缺乏家人支持，恐有無法單獨行使親職教養能力之可能受精神疾病影響，經常窩在樓上看電視、睡覺，對自己所生之未成年子女邱奕縢，無法善盡保護與教養之責，此有秀傳紀念醫院所函覆之精神科病歷資料顯示被告產後欠缺對幼兒照顧之耐心，需家人從旁協助照顧幼兒，亦可得證依被告上開精神科病歷資料可知，被告確實罹患精神疾病多年，且其所患精神病必須長期服用相關精神病藥物予以控制，所生之未成年子女邱奕縢出生以來，被告欠缺對幼兒照顧之耐心，以致長期以來皆係由原告暨兩造親人在照顧撫育未成年子女邱奕縢,"子女年齡,親子感情,父母生活,支持系統,父母健康,意願能力"
23,"201505/臺灣臺中地方法院民事/TCDV,103,家親聲,782,20150529,1.json",36_18_ab7e94,c,聲請人父母因不希望被監護人因為熟悉的環境改變、受到傷害，希望被監護人能在正向環境中平穩成長，以求持續穩定提供被監護人良好之生活照顧及正向成長環境，並願持續擔負起養育被監護人之責，故聲請人父母希冀被監護人由聲請人單獨監護被監護人目前為_AgesYear_兒童，認知及語言表達能力發展程度尚未成熟，惟被監護人能了解監護權意義係「想跟誰住」，被監護人目前平日與聲請人父母同住，訪視時觀察被監護人受照顧情形良好，被監護人亦表達與聲請人父母互動之正向經驗。聲請人能以貼近兒童的形象，確實與未成年子女玩遊戲，符合該年紀兒童之主要需求，有助於未成年子女正面身心發展，亦能以家長角色引導被監護人從事正確行為，評估聲請人親職能力、教養能力及支持系統等方面皆穩定、良好且具有高度照顧意願聲請人父母為被監護人自出生後迄今長達5年餘之主要照顧者，訪視時觀察被監護人發育及受照顧情形良好，與聲請人、聲請人父母具有高度依附關係，尤其與聲請人母親密不可分。酌受監理人與目前主要照顧者即聲請人父母發展緊密的依附關係，而與相對人之情感連結較薄弱，倘冒然將受監理人與主要照顧者分離，可能導致受監理人產生分離焦慮而引發焦慮等負向情緒反應之疑慮,"子女年齡,親子感情,子女意願,父母品行,意願能力,人格發展,主要照顧",,,相對人相較之下，與未成年子女互動的時間較多相對人較具友善父母之態度,"親子感情,友善父母",,
25,"201606/臺灣新北地方法院民事/PCDV,104,婚,822,20160608,1.json",39_24_be78ea,a,原告身體健康狀況良好，目前經濟狀況穩定，原告為兩名未成年子女主要照顧者，了解未成年子女身心狀況與生活作息，評估原告具相當親職能力。原告的工作時間固定，可於下班時間陪伴未成年子女，並以口頭勸說、設限的方式教導未成年子女，於假日攜未成年子女出遊，評估原告具相當教養能力。原告有穩定之工作收入，能提供本身及未成年子女基本生活所需，且非正式支持系統亦可提供相關協助，評估原告具相當經濟能力。原告為兩名未成年子女的主要照顧者，又為使日後對未成年子女之重大決定能不受兩造意見歧異之影響，並持續善盡照顧未成年子女之責，希冀取得未成年子女之單獨監護權，評估原告具有監護意願，監護動機為正向目的。主要照顧者原則、手足不分離原則及幼兒從母原則，評估由原告單獨監護能提供兩名未成年子女安全、穩定之照顧。原告與鄰里關係友善良好，亦善於使用鄰里之互相協助照顧之資源,"子女年齡,親子感情,支持系統,父母經濟,父母健康,意願能力,主要照顧",,,被告能提供基本生活照顧及具有親職教養能力，未成年子女2受照顧狀況良好，評估被告有能力執行親權相關事項。被告提供的住所為被告母親的房子，居住環境與生活空間目前尚可滿足未成年子女2之需求。被告有很高的意願要照顧2名未成年子女，然未成年子女2目前與被告同住，被告可以自行處理未成年子女2的生活事項及教養觀念良好，評估被告適合擔任未成年子女2的親權人。因未成年子女2僅年滿_AgesYear_，目前沒有就學的需求，被告對未成年子女2預計規劃年滿_AgesYear_後，再讓未成年子女2上幼兒園。未成年子女2表示現與原告及被告感情好，喜歡原告也喜歡被告，親子關係融洽。維持現狀原則與主要照顧者原則心理親職者原則被告多用溫和耐心的方式陪伴未成年子女2玩樂與常規禮貌的教導，明顯感受未成年子女2安全感時族、不時露出歡樂的笑容及探索未知新環境，評估親子關係良好且受到有品質及用心的照顧。,"子女年齡,親子感情,父母生活,意願能力,人格發展,主要照顧",被告所述之親族照顧優勢，在被告大哥預定搬離其住所後，亦僅剩被告母親可以提供照顧支援不似被告在場般容易躁動和情緒較易起伏，並多以哭鬧表達其需求被告則會放任子女於正餐前後食用零食，對於孫歆未觀察到被告有此一敏察子女身體狀況之行為。子女於被告在場時較有哭鬧行為，被告一離開後，子女便安靜，並可讓被告之親屬安穩陪伴之，而被告一靠近又開始哭鬧，顯對被告有索取注意或關愛之行為。,"親子感情,父母品行,支持系統"
26,"201502/臺灣新北地方法院民事/PCDV,103,婚,829,20150224,1.json",28_30_ec0cce,c,具有高度監護意願，監護動機亦為正向目的。平日會與被監護人聯繫並關心被監護人生活狀況，假日亦會攜被監護人返家居住，且能陳述被監護人身心狀況，被監護人亦表達對聲請人有正向互動`.願意栽培被監護人，並願意尊重被監護人未來的就學意願，具有基本的教養能力。有穩定工作及收入，能滿足被監護人基本生活所需，經濟能力穩定。目前有法律扶助基金會律師提供協助，且與聲請人家庭成員互動關係良好，被監護人目前_AgesYear_，具認知及表達能力，能表達受照顧情形。被監護人目前與相對人同住，且表達與兩造互動良好，週六及週日若無特殊安排則與聲請人共同居住。,"子女年齡,親子感情,意願能力,父母經濟",聲請人家庭成員皆居住於越南，且聲請人在臺灣無其他友人能協助照顧被監護人，評估具有基本的正式支持，然非正式支持系統薄弱。,支持系統,具有高度監護意願，監護動機為使被監護人能於穩定的環境下成長，為正向監護目的。與被監護人親子互動自然，具有良好的親職能力。能適時的指正被監護人的不良行為，並願意盡力栽培被監護人，評估具有基本的教養能力。有穩定的工作及收入，能提供被監護人基本生活所需，評估經濟能力穩定。相對人弟弟目前與相對人同住，且相對人哥哥居住於相對人住所附近，假日亦會攜被監護人至宜蘭拜訪相對人大姊，相對人兄弟皆能提供照顧協助，評估具有基本的非正式支持系統。被監護人目前_AgesYear_，具認知及表達能力，能表達受照顧情形。被監護人目前與相對人同住，且表達與兩造互動良好，未來亦希冀週一至週五與相對人同住，,"子女年齡,親子感情,父母生活,支持系統,父母經濟,父母品行,意願能力",時常會玩彩券而未能善盡照顧被監護人之責任，,"父母生活,意願能力"
27,"201602/臺灣彰化地方法院民事/CHDV,105,家親聲,33,20160229,1.json",10_25_029e5f,b,足認兩造均有強烈意願爭取監護權，在經濟能力、滿足未成年子女基本物質需求、教養能力、居住環境及提供協助教養功能均為正面評估。另外案祖父母受訪時亦表示樂意協助照顧案主的生活起居，案父目前所住建築物為案祖母所持有，能給案主一個妥適的居住環境，案父在經濟能力、教養功能、居住環境及滿足案主基本物質需求等為正向評估。,"父母生活,意願能力,支持系統,父母經濟",顯見聲請人確實有相對人所指陳情緒控管不佳之情形，難認適合擔任未成年子女陳冠穎權利義務之行使或負擔。言談間充滿知識分子之優越感，此種心態未必有利於未成年子女之教養；顯然將無價之親情淪為具有對價關係之交易客體來秤斤論兩，此種價值觀委無足取，實難認聲請人適合擔任未成年子女陳冠穎權利義務之行使或負擔。,"父母生活,意願能力",足認兩造均有強烈意願爭取監護權，在經濟能力、滿足未成年子女基本物質需求、教養能力、居住環境及提供協助教養功能均為正面評估。並斟酌未成年子女之年齡、現狀、將來人格發展等一切情狀，依「幼兒從母原則」及「維持現狀原則與主要照顧者原則」，認未成年子女陳冠穎權利義務之行使及負擔由相對人單獨任之，最符合未成年子女之最佳利益。綜合上述，本院審酌未成年子女陳冠穎年僅_AgesYear_餘，正是建立依附與信賴關係之年齡，相對人身為母親與陳冠穎之親緣聯結既深且遠，且陳冠穎自幼均由相對人照顧，目前與相對人及其家人同住生活，受照顧狀況良好，彼此關係深厚，相對人於下班後，即得以全心陪伴陳冠穎至入眠，能帶給陳冠穎足夠之安全感；,"子女年齡,親子感情,支持系統,父母經濟,意願能力,人格發展,主要照顧",,
29,"201506/臺灣高雄少年及家事法院民事/KSYV,104,婚,168,20150611,3.json",51_37_ab695e,a,在監護動機上有良善立意，在親職能力方面，原告因具穩定工作而較有經濟能力，並且因長期打理照顧兩名被監護人生活事宜，亦具情感聯繫與照顧經驗，據兩名被監護人所述，評估原告與兩名被監護人間已建立穩定與親密之依附關係，評估原告適合擔任監護人。認為原告有監護未成年子女之正當意願與動機，且原告就經濟狀況、照顧計畫和親職能力等方面，並無不適宜擔任親權人之處，而乙○○、甲○○自幼即由原告照顧生活起居，故與原告感情依附關係緊密，衡諸繼續性原則、主要照顧者原則等一切情狀，本院認為未成年子女權利義務之行使或負擔，應由原告單獨任之，較符合未成年子女之最佳利益,"主要照顧,親子感情,意願能力,父母經濟",,,經常會與兩未成年人電話聯繫，彼此間關係尚稱良好，但仍希望共同行使負擔未成年人權利義務,親子感情,被告與家族親友合夥經營魚塭，但養殖漁業端視市場價格及天候，收入並不穩定。被告家族成員雖然大都居住在附近，但各有其家庭，無法提供協助，支持系統不佳。,"父母生活,支持系統,父母經濟"
31,"201702/臺灣高雄少年及家事法院民事/KSYV,106,家親聲,15,20170222,1.json",22_35_a4e199,b,目前早上需工作，但受監護人外祖母可提供照顧上的協助，讓相對人可安心工作，以利相對人無論在經濟資源及家庭照顧系上都有穩定支持，故相對人家庭支持系統佳。確實為受監護人主要照顧者，並且有妥善照護受監護人，讓受監護人在安全、受保護的狀況下，得到身心靈滿足本身為護理人員，對於嬰幼兒照顧上有相當的醫療觀念及照顧方式，故受監護人對於相對人、受監護人外祖母的依附關係緊密，相對人也聲稱願意與聲請人保有良善父母關係，讓受監護人仍享有父子親情親權觀念合宜，爭取意願高，符合受監護人利益，適任監護人。,"親子感情,父母生活,支持系統,父母經濟,意願能力,父母職業,主要照顧,友善父母",,,由於照顧被監護人的時間較相對人來的多，且又有母親可協助並只照顧被監護人一不似相對人需提早出門上班，下班回到家都晚上10點半，且協助照顧的相對人母親又同時要照顧相對人大姊的2名子女。存款有_AmountOfMoney_，每月所得扣除包括房貸及生活所有支出，尚有_AmountOfMoney_可供使用。評估聲請人經濟無虞，有經濟能力養育被監護人獲得監護權後會維持現狀，不會變動被監護人生活模式，生活重心也會以被監護人為重，工作之餘的時間就是照顧打理被監護人生活事物。熟知被監護人生活作息、成長狀況，按時打預防針，並持續提供穩定良好生活照顧。當被監護人哭鬧時，也會先抱起安撫情緒，再了解原因，做適時處理，如身體有異狀會立即就醫醫治。評估聲請人親職能力良好被監護人從出生就與聲請人共同生活至今，社工訪視聲請人時，聲請人正餵食被監護人蔬菜粥訪視過程聲請人都將被監護人抱在懷裡，當被監護人哭鬧時，聲請人會安撫情緒，並哄被監讀人在懷中入睡。評估被監護人與聲請人情感依附關係正向緊密被監護人再過17天就滿_AgesYear_，社工訪視聲請人時，聲請人正在餵被監護人吃晚餐；就探視安排而言，聲請人如獲得監護權，不但歡迎相對人隨時來探視被監護人，也會每月主動帶被監護人去相對人住處，讓被監護人與相對人同住幾天目前留職停薪，相對人亦不爭執（見本院_SpecificCase_卷第13至14頁），聲請人應得得全心全意親自照顧未成年子女，相較相對人仍須工作之情形，由聲請人擔任未成年子女親權行使人應較適宜。基於讓被監護人有更佳良好的照顧，因而爭取監護權，評估聲請人監護動機正向，意願積極而為了讓被監護人不孤單，並學習群體生活及如何與人互動，所以計畫在被監護人_AgesYear_時上幼幼班。評估聲請人照顧計畫和教養態度良善,"子女年齡,親子感情,父母生活,支持系統,父母經濟,意願能力,主要照顧,友善父母",,
32,"201712/臺灣高雄少年及家事法院民事/KSYV,106,家親聲,588,20171226,1.json",33_02_8a367e,b,兩造目前皆有強烈監護意願，並具備一定照顧經驗，兩造對子女未來照顧環境皆有規劃，目前居住條件亦符合孩童需求。兩造皆具備基本照顧能力，,"父母生活,意願能力",目前無職亦無固定收入，照顧上無他人可提供協助，對未成年子女實施家暴行為經本院核發前揭通常保護令在案等情，,"支持系統,父母經濟,父母品行,人格發展,父母職業,友善父母",兩造目前皆有強烈監護意願，並具備一定照顧經驗，兩造對子女未來照顧環境皆有規劃，目前居住條件亦符合孩童需求。於大學擔任行政人員，工作收入與經濟狀況都較聲請人穩定。與家人同住，其家人並願意提供協助，支持系統相對完善。兩造皆具備基本照顧能力，具備更好的親職能力。實際進行親子觀察'相對人與未成年子女言語互動頻繁，肢體上常有親暱接觸與擁抱等，未成年子女並積極邀請相對人一起遊戲，並給予相對人大量正向情緒回饋，無任何抗拒相對人之情況。經濟狀況、支持系統、親職能力等皆有優勢，並具備良好的教養態度、尊重未成年子女之意見與人格發展且能提供子女安全自由的教養環境，,"父母生活,親子感情,支持系統,父母健康,意願能力,父母職業",,
33,"201611/臺灣新北地方法院民事/PCDV,104,婚,147,20161125,2.json",48_29_ab8caa,a,觀察聲請人目前非為案主之主要照顧者，但與案主有保持穩定之互動，有強烈之照顧意願，經濟況穩定，有良好之家庭支持系統，能提供案主良好之生活照顧，並與案主互動佳，綜上，兩造固均展現照顧子女之意願與行動，並均有相當之親屬支援系統，然基於原告為兩造分居前照顧子女較多之人，且其親職能力、妥適處理子女忠誠衝突之能力與表現較佳，較能重視探視對非同住方維繫親情之重要性，而願提供非同住方較多之探視彈性，親屬資源亦能實質協助聲請人度過婚姻與親子關係曾遭逢之瓶頸，且對他方較無負面之猜忌與評價，可認較利於提供子女身心健全之友善成長環境。並審酌兩造之子女之年齡、性別及人格發展需要，暨兩造之經濟能力、職業、品行、生活狀況，及兩造與子女間之感情、互動等一切情狀，認由原告任親權人，較符合子女之最佳利益，,"子女年齡,親子感情,父母生活,支持系統,父母經濟,父母品行,意願能力,人格發展,父母職業,主要照顧,友善父母",,,評估被告爭取案主監護權之態度十分積極且堅定，目前案主由被告照顧養育妥適，生活亦安定，故案主由被告監護扶養，尚無不妥。評估被告確實有親自照料及參與案主的生活，親子關係良好，已建立穩健的親情感。評估被告之照顧計劃應可符合未來案主各階段之需求無虞。評估被告具備穩定之經濟能力扶養案主，評估被告有穩定之家人支持綜合以上評估，案主權利義務之行使與負擔，由被告任之，應為妥適；綜上，兩造固均展現照顧子女之意願與行動，並均有相當之親屬支援系統，,"親子感情,意願能力,支持系統,父母經濟",至被告則於擔任主要照顧者期間，對他方探視子女基於親權爭奪之主觀防衛而採取諸多限制，其中不無有忽略子女利益之部分之考量，,"親子感情,友善父母"
34,"201503/臺灣新北地方法院民事/PCDV,103,家親聲,632,20150325,1.json",29_28_11be7b,c,扶養案主之態度積極，現階段確實提供案主正常、穩定的生活，聲請人及其再婚先生有實際照顧案主生活起居及陪伴學習、成長，並能有耐性的給予案主要求及教導，又訪談中觀察案主對聲請人及其再婚先生之住所熟悉，能自在活動，案主與聲請人、聲請人再婚先生及其家人間均有肢體接觸，互動頻繁；承諾日後會持續親自照顧及打理案主生活，並陪伴學習與成長，給予親情關愛與呵護，已安排案主接受學齡前教育，亦陪同參加讀經班等課程，另聲請人再婚先生將會全力支援聲請人；有讓案主接受基本教育，並提供妥適之生活照料，且有再婚先生之支持與協助，故聲請人之照顧計晝應可符合案主各階段之需求與發展。案主陳述聲請人及其再婚先生有照顧他，也有陪他玩耍，又訪談時觀察案主與聲請人等家人之互動頻繁緊密，相處氣氛融洽自在，尤其與聲請人再婚先生間有擁抱、親吻之舉動，且堅持要聲請人再婚先生陪同玩耍；案主正常接受學齡前教育、作息正常，在生活及情感上對聲請人等家人是屬倚賴，故應可由聲請人承擔監護職責。全職照顧案弟，目前聲請人、案主之所有生活開銷、案主教育費等皆由聲請人再婚先生支應，而聲請人再婚先生經濟狀況尚佳，聲請人有其再婚先生支持應可持續承擔案主之扶養，對案主之保護與教養無失職之處，且有心承擔親職，故案主由聲請人單方監護扶養，應無不妥等情，聲請人之現任配偶楊騏菖對葉欲民視如己出，彼此間感情良好、關係緊密。葉欲民自出生迄今均由聲請人擔任主要照顧者，彼此間已建立緊密的依附關係，葉欲民亦習慣目前之生活環境及照顧方式，,"親子感情,支持系統,父母經濟,子女意願,意願能力,主要照顧",,,會與被監護人溝通合宜的行為舉止為何，被監護人亦能接受管教與設限，願意陪伴、栽培被監護人持續就學與成長，具有良好教養能力。工作穩定且也有儲蓄習慣，經濟能力尚可，能提供本身及被監護人生活所需。相對人父母身心健全、慈祥和藹，鄰里關係良好，對被監護人充滿愛意與溫暖，且相對人兩位碩士學歷姊姊，以及從事教育工作的姊夫亦會給予相對人諮詢與建議，評估相對人非正武支持系統穩定。曾因賭博經法院判處徒刑，及對聲請人施以家庭暴力，本院認聲請人於101年間因犯賭博罪經法院判處徒刑後，迄今並無刑事案件犯罪紀錄，亦無再對聲請人及家屬施以暴力之情，顯見相對人已深自反省，並導正其行為及生活，自不應因此剝奪相對人擔任葉欲民親權人之機會葉欲民於本院表示伊喜歡跟丙○○爸爸或楊騏菖爸爸睡覺，也喜歡跟丙○○爸爸或楊騏菖爸爸玩，伊喜歡跟丙○○爸爸或楊騏菖爸爸一起住等語，足徵相對人與兩造互動良好、感情親密，,"親子感情,父母生活,支持系統,父母經濟,子女意願,父母品行,意願能力",於兩造婚姻關係存續中曾對聲請人施以家庭暴力，,"親子感情,父母品行,父母生活"
35,"201502/臺灣臺中地方法院民事/TCDV,103,家親聲,686,20150206,1.json",20_34_a92cc3,b,身心狀況良好，且有運動習慣，在經濟上，反請求相對人為國小教師，工作收入及時間穩定，自述收入部份能支付生活開銷，在支持系統上，目前與父母親、大哥同住，而姊姊偶爾會返家，會利用手機通訊軟體保持聯絡，評估反請求相對人具有監護能力惟就反請求相對人未來生活計畫，評估反請求相對人未來之親職時間及親職能力能符合案主所需目前居住格局為透天厝，在反請求相對人之父母親名下，室內擺飾簡單，距離幼兒園為五至八分鐘，距離附近之診所為八分鐘，距離超市、百貨公司為六至十分鐘，且附近也有公園，故生活機能便利，評估反請求相對人所提供之照護環境適合案主成長及居住。而認為自己照顧案主認真仔細，對案主未來發展較好，另外，未來不會阻止反請求聲請人探視案主，評估反請求相對人有意爭取案主監護權，且對於反請求聲請人探視態度友善教育計畫應可行，且依反請求相對人之經濟狀況，應能支付案主之教育費用,"父母生活,親子感情,支持系統,父母經濟,父母健康,意願能力,父母職業,友善父母",對反請求相對人的人格、責任感、情緒控管及支持系統皆不信任，尤其對反請求相對人曾經對她及案主有肢體傷害一事有所反感，反請求聲請人更無法接受反請求相對人過去會當著案主面前言語表達「nomummy」等語，無法茍同反請求相對人挑撥她與案主間的母子情感針對反請求相對人，案主未有特別的描述，案主僅有說明很久沒有與反請求相對人相處或說話自一百零一年四月開始，反請求聲請人便會限制反請求相對人僅能在住家探視，於一百零一年，反請求相對人僅順利探視三次，而於一百零二年，僅在八月探視一次，因反請求相對人探視時間短少，致使反請求相對人對於案主的生活狀況皆不甚了解就反請求相對人探視案主之次數及時間，認為反請求相對人目前親職時間明顯不足，使反請求相對人親職能力無法展現，雖反請求相對人對未來有所規劃，然案主恐將面臨照顧者及環境之轉變,"親子感情,意願能力,支持系統,友善父母",具備監護案主之意願且態度及行動力積極為正式教師，工作及薪水穩定，且反請求聲請人與案外祖父母同住，家庭開銷大多是有案外祖父母協助支付，減輕反請求聲請人的經濟負擔，讓反請求聲請人有更多金錢可運用在案主教育及生活支出上與案主的親子關係良好，有建立穩定的親情依附依據案主所述之日常生活中的陪伴者及照顧者，為反請求聲請人及案外祖父母，他們也都是最疼愛案主之人，案主可以明確分享反請求聲請人對他生活照料的內容，且對與反請求聲請人同住的生活表達沒有感到不好的地方，案主對反請求聲請人並未有討厭或不喜歡的地方評估反請求聲請人較有參與案主生活成長之經驗，案主也清楚反請求聲請人有真的付出對他的照顧,"親子感情,支持系統,父母經濟,意願能力,父母職業",工作地點為新北金山，並無與在板橋的案主同住，案主皆由案外祖父母照顧，雖於一百零三年反請求聲請人請調回板橋，然其父母親較為寵愛，將不利於案主人格的發展,"親子感情,支持系統,父母生活,父母職業"
36,"201610/臺灣雲林地方法院民事/ULDV,105,家親聲,86,20161031,1.json",10_31_885202,c,評估聲請人支持系統及親職功能部分皆屬良好，可提供未成年子女穩定、妥善之生活照顧，且監護動機亦屬良善，評估未成年子女由聲請人監護應無不妥之處等語兩造對於未成年子女的關愛，於會談過程中可以觀察到兩造與未成年子女之間皆具依附關係親職能力較為完整，且其較能回應未成年子女現階段的語言與認知能力的發展需求，可以從其回應未成年子女的方式理解未成年子女的問題與日常照顧能力得知。認兩造在經濟狀況、親職能力、支持系統及照顧計畫等方面，均具有照護上開未成年子女之能力，且皆有強烈之監護意願，更對上開未成年子女之成長表現出相當之關心與疼愛之情。聲請人較相對人了解上開未成年子女之生活情況、喜好及習性，併參酌母親之角色有其獨特之女性人格特質，最能了解小孩在生活上之需要，母親亦往往較能照顧小孩的生活起居，此尤以年幼子女更甚；,"子女年齡,親子感情,支持系統,父母經濟,意願能力",,,故相對人的支持系統足夠尚穩定兩造對於未成年子女的關愛，於會談過程中可以觀察到兩造與未成年子女之間皆具依附關係對於上開未成年子女之關心與疼愛則無二致○本院參酌上揭訪視報告、調查報告、兩造之陳述及所提事證，認兩造在經濟狀況、親職能力、支持系統及照顧計畫等方面，均具有照護上開未成年子女之能力，且皆有強烈之監護意願，更對上開未成年子女之成長表現出相當之關心與疼愛之情。認兩造在經濟狀況、親職能力、支持系統及照顧計畫等方面，均具有照護上開未成年子女之能力，且皆有強烈之監護意願，更對上開未成年子女之成長表現出相當之關心與疼愛之情。,"親子感情,意願能力,支持系統,父母經濟",評估其育嬰知識及技巧尚待加強，且需有育嬰經驗的家人或長輩從旁指導及協助，教養計畫部分，相對人則囿於工作之關係，需委由保母照顧依此足認相對人因工作之故，顯無法隨時親自陪伴照顧未成年子女，而父親若要取代母親的功能角色，即便花極大功夫與時間，亦恐難扮演好母親之角色，,"親子感情,意願能力,父母職業"
37,"201502/臺灣嘉義地方法院民事/CYDV,104,家親聲,3,20150226,1.json",11_14_eeea6c,b,有穩定工作及收入來源，可提供本身與甲、乙基本生活所需；家庭成員間感情深厚，家庭成員願意協助照顧兩名未成年子女，甲與聲請人家庭成員互動狀況良好甲一出生迄今多半由聲請人擔任主要照顧者，聲請人對於甲、乙身心狀況瞭解；具有高度監護意願，期待能單獨監護甲、乙，並願負擔甲、乙未來養育責任，在居住環境、學歷、親屬支援系統、經濟狀況、照顧未成年子女之經驗及技巧與子女間之情感依附關係等項，兩造所具備之條件與能力相當，亦均無對於未成年子女不利之處,"親子感情,父母生活,支持系統,父母經濟,意願能力,主要照顧",名下除機車一部外，無任何動產及不動產乙則多由相對人父母協助照顧，_SpecificCase_及所附工作摘要紀錄表、訪視建議表在卷可參。不願意照顧未成年子女，常返回淡水娘家住處，97年返回東石居住時，聲請人在家中只是將子女丟給相對人母親照顧，有時回淡水就不願回來照顧家庭，自幼即與相對人及其親屬同住、照顧，乙在社工員訪視及本院調查時，前後一致表明不願與聲請人同住甲於雙福訪視時，固表示希望與聲請人同住，然其於本院2次調查時詢問其意願，一致表示希望與相對人同住,"親子感情,父母生活,支持系統,父母經濟,子女意願,意願能力",在居住環境、學歷、親屬支援系統、經濟狀況、照顧未成年子女之經驗及技巧與子女間之情感依附關係等項，兩造所具備之條件與能力相當，亦均無對於未成年子女不利之處對於相對人住處生活環境、親屬互動、同儕師長學習模式已然熟悉並適應乙對於出生至今之家庭環境、生活模式、周遭接觸親屬具有熟悉及安全感，其既無意願變動相對人及其家屬對乙之照顧保護並無任何不利或疏失，,"親子感情,父母生活,支持系統,父母經濟,子女意願,意願能力",,
39,"201611/臺灣高等法院花蓮分院民事/HLHV,104,家上,12,20161103,2.json",48_25_fde1d6,b,希望由其單獨監護未成年人，或由兩造共同監護。,"親子感情,友善父母",查本件許博翔為家庭暴力之加害人，其屢對家庭成員即林淑芳、兩造未成年子女許○○為家庭暴力行為，業經本院調查認定如前，故本件對於未成年子女許○○權利義務之行使或負擔，應推定許博翔不適任評估許博翔目前難稱合適之主要照顧者等語，參以許博翔有前述家庭暴力之情形，恐對未成年子女許○○身心發展造成負面影響，未成年子女許○○亦對情緒管控較差之許博翔感到恐懼，與許博翔關係緊張、疏離，,"親子感情,父母生活,父母品行,意願能力,人格發展",未成年人自出生迄今，大都是由林淑芳主責照顧，安排未成年人之就學及生活作息，負擔未成年人之各項費用，林淑芳爭取未成年人權利義務行使或負擔之動機，積極而良善。林淑芳在各項指標表現良好，未成年人也期待由林淑芳照顧，參酌未成年人接受照顧之持續性、友善父母及未成年人之意願，應由林淑芳主責未成年人權利義務之行使或負擔較符合實際狀況本院審酌前揭事證暨上開訪視報告之結果及未成年子女許○○之意願，認林淑芳有監護未成年子女許○○之能力及意願，且向來擔任未成年子女許○○之主要照顧者，未成年子女許○○對照顧認知與情感依附者皆為林淑芳，，併考量兩造監護動機、意願及能力、家庭環境、未成年子女之年齡、意願、監護現狀等一切情狀，原審認未成年子女許○○之權利義務行使及負擔由林淑芳單獨任之，應符合子女之最佳利益，應為妥適。,"子女年齡,親子感情,父母生活,父母經濟,子女意願,意願能力,主要照顧,友善父母",,
43,"201602/臺灣士林地方法院民事/SLDV,104,婚,187,20160223,1.json",05_09_a6050c,b,住家室內約60多坪，客廳空間寬敞，以大片玻璃區隔客廳與辦公室，有兩間臥室，各自有衛浴，主臥室空間寬敞，合併浴室約大20坪大，內設置雙人床與簡單傢具，另一臥房目前多堆置雜物，並無床舖，案主來時與聲請人同睡。住家附近有天母商圈、大型公園、學區及大型醫院，育樂環境良好家人為主要非正式支持系統，過去曾請姐姐及母親到家中協助照顧案主，自述案主出生後扶養費均由其負擔，兩造分居後案主學費亦由其負擔了解案主性格與學習狀況，與案主互動正向良好,"親子感情,支持系統,父母生活",聲請人家人過去有協助照顧案主經驗，然觀察聲請人目前未與家人同住，與家人關係亦未顯親近，評估兩造均缺乏穩定支持系統聲請人過去有撫育案主經驗，然非案主生活主要照顧者惟兩造皆缺乏穩定支持系統，若由任一方單獨監護照顧案主，均有損案主最佳利益，故建議由兩造共同監護案主。,"主要照顧,親子感情,支持系統,父母生活",過去多為案主主要照顧者，了解案主身心發展與學習狀況，有實際教養及督促學習，與案主互動緊密，依附關係良好。未成年子女陳芝妤於訪視時已明確表達希望與母親同住，本院對其個人意願自應予尊重,"親子感情,子女意願,意願能力,人格發展,主要照顧",七月甫任職，工作狀況難稱穩定，難以評估其未來經濟穩定程度。生家庭成員均居住上海市，評估兩造均缺乏穩定支持系統,"支持系統,父母職業,父母經濟"
45,"201607/臺灣士林地方法院民事/SLDV,105,婚,58,20160719,1.json",14_49_b098a7,c,均具相當之經濟能力、親職能力、支援系統及監護意願，兩造均應具備獨立監護未成年子女之能力及意願。而未成年子女張睿辰自_SpecificDate_出生之時，兩造感情已屬不睦並分居，因此其自出生迄今均由原告獨自照顧是以未成年子女潘縉維亦應由原告負主要之照顧責任，並與母親即原告共同生活，較屬適當。,"主要照顧,意願能力,支持系統,父母經濟",,,具相當之經濟能力、親職能力、支援系統及監護意願，兩造均應具備獨立監護未成年子女之能力及意願。,"親子感情,意願能力,支持系統,父母經濟",未成年子女潘縉維雖由被告之母親照顧，惟此僅屬代替兩造照顧幼子之性質，而非可認定未成年子女潘縉維自幼即由被告單獨照顧扶養，且未成年子女潘縉維係於兩造衝突中，始被迫與原告分離而減少照顧期間，自不得因而認定係與被告共同生活且已產生緊密之親子依附關係，而認被告係較適合行使負擔其權義務之人自認其於婚姻關係中與訴外女子陳鈺婷交往等情，此亦為兩造婚姻破裂之重要原因，而被告目前仍與該女子交往中，因此未成年子女潘縉維若由被告單獨照顧扶養，是否會造成其心理上之影響，亦不無所疑,"親子感情,支持系統,人格發展"
47,"201611/臺灣屏東地方法院民事/PTDV,105,婚,135,20161129,1.json",24_10_5334a6,a,能理解並認同未成年人身心需求，可依照未成年人發展狀況來調整陪伴時間和關心重點，管教方式較傾向愛的教育，評估原告能提供有利未成年人正向發展之照顧向為未成年人之生活主要照顧者，孩子身心發展良好，照顧現況不宜貿然變動，原告亦有穩定經濟能力足以提供未成年人生活所需身體健康，體態與精神狀態皆良好，也有獨立照顧未成年人的經驗，亦有穩定工作及副業，且無負債，生活無虞，可認原告能提供未成年人實際生活上妥善之照顧。,"親子感情,父母經濟,父母健康,意願能力,人格發展,主要照顧",,,表示會給未成年人良好的照顧環境與品質，並表示不會阻擋被告探視未成年人，可認被告親權意願高，對於親權概念尚屬了解，又被告工作重心在北部，每週會抽出一、兩天時間回屏東陪伴未成年人，被告之母已退休，可穩定照顧陪伴未成年人被告與被告之母親職及教育規劃能力佳,"父母生活,意願能力,支持系統,友善父母",實際上並無照顧未成年子女之經驗，且其工作重心位於北部，只能依賴被告之母代為照顧，事實上難以親自照顧未成年子女婚後動輒毆打、辱罵原告，此據本院認定如前，是依法即推定由被告行使或負擔權利義務不利於未成年子女乙○○、甲○○。,"父母生活,父母品行,父母職業"
48,"201703/臺灣臺中地方法院民事/TCDV,105,家親聲,477,20170320,1.json",05_03_62919f,c,兩造目前均有爭取未成年子女江羿亭、江承宥親權之意願，工作時間能配合未成年子女江羿亭、江承宥之生活作息，家人亦可協助照顧未成年子女，評估兩造各項親權能力良好，均具有擔任親權人之能力綜觀全情及上開訪視及家事調查報告內容，可知兩造在教養能力上各有優劣，宜相互補足、分工合作並彼此監督，使二名子女能同時接受父母雙方之關懷，滿足子女各層面之需求。,"親子感情,父母生活,支持系統,意願能力,父母職業",多將照顧之責委由聲請人母親代為協助，涉入程度較低。兩名未成年子女在互動時，皆會不時以眼神觀看聲請人，在言行舉止上較顯約束，難以放鬆。,"親子感情,支持系統",兩造目前均有爭取未成年子女江羿亭、江承宥親權之意願，工作時間能配合未成年子女江羿亭、江承宥之生活作息，家人亦可協助照顧未成年子女，評估兩造各項親權能力良好，均具有擔任親權人之能力就兩造過往家庭角色之分工概況，相對人多屬擔任主要照顧者之角色，雖其目前照顧時間相對短暫，惟其仍花費時間及精力陪伴兩名未成年子女（如陪伴其等外出、協助洗澡等），並能回有效回應兩名未成年子女之心理及情感需求兩名未成年子女在與相對人及其家人相處時，有較多主動性的反應（如表達自身需求以及主動要求有擁抱等親密的舉動），臉部表情亦較豐富。綜觀全情及上開訪視及家事調查報告內容，可知兩造在教養能力上各有優劣，宜相互補足、分工合作並彼此監督，使二名子女能同時接受父母雙方之關懷，滿足子女各層面之需求。地方法院檢察署檢察官以_SpecificCase_起訴，此有起訴書在卷可參，惟查該案甫於_SpecificMonth_起訴，尚未經審理判決，則該案何時判刑確定、判決結果係有罪或無罪、若有罪者其刑期長短、是否獲緩刑宣告、何時執行等，均難以預測，自不得以該案否定相對人現階段之親職能力及擔任未成年子女主要照顧者之適切性,"親子感情,父母生活,支持系統,父母品行,意願能力,主要照顧",,
49,"201709/臺灣高等法院高雄分院民事/KSHV,106,家上,28,20170911,1.json",07_00_f71f82,b,目前有穩定之經濟來源，加上尚有家人可以提供經濟援助，分擔扶養之經濟壓力，其收入狀況足可滿足受監護人生活照顧需求，提供受監護人安定成長環境。與家庭成員間感情互動融洽，對於協助抗告人扶養受監護人均有照顧共識，家庭凝聚力屬佳，家人可適時補充生活需求、並協助分擔照顧壓力，評估抗告人支持系統穩固。在兩造分居前仍積極參與受監護人照顧工作，具有實際照顧經驗，評估抗告人具行使親權能力,"意願能力,支持系統,父母經濟",曾有家庭暴力行為，抗告人並未提出證據證明其較相對人適於行使未成年子女親權，依_LawArticles_規定意旨，由抗告人行使親權推定不利於未成年子女，故認對於兩造所生之未成年子女權利義務之行使或負擔，由相對人單獨任之，較符合子女之最佳利益。,"親子感情,父母生活",為目前受監護人主要照顧者，未來待育嬰假結束後，仍有妥善安排受監護人外祖母協助照顧，相對人具有正向教養觀念，可提供穩定照顧品質爭取單獨監護權，乃因抗告人確實仍有情緒狀況不佳，如生氣怒罵，致受監護人身心受到危害，且相對人也希望未來等抗告人情緒穩定，可在安全有第三人協助下，讓抗告人與受監護人會面交往，本會評估，相對人親權意願正向、積極。受監護人與相對人及相對人母親互動關係正向、依附關係緊密。兩造雖均適宜行使親權，然丙○○現僅_AgesYear_多，尚在哺乳階段，對母親照顧需求較高，出生至今主要亦由相對人及相對人母親照顧,"子女年齡,親子感情,父母生活,支持系統,意願能力,人格發展,主要照顧,友善父母",,
50,"201601/臺灣嘉義地方法院民事/CYDV,104,家親聲,63,20160113,1.json",06_49_75202d,a,就職業、經濟收入、對長男的生活照顧皆處於穩定狀態，對於長男的學習與未來發展，亦事先做評估與規畫的實際現況下，聲請人對長男的照顧與監護的意願是堅定且有能力的長男的發展、生活環境、人際應對、認知發展成熟度與儀態皆適宜，甚至還超越一般同齡孩子的表現，由此可看出聲請人及其家人對長男的照顧品質與所提供的學習成長環境是合宜且足夠的，聲請人家庭關係緊密且互動良好，對聲請人與長男的各項支持是充足且貼近的長男表明習慣住爸爸家，若去媽媽家住可能要轉學，其不希望跟現在的同學分開及轉學等語較清楚（相對人則不清楚）長男喜愛之運動、卡通，也有帶長男去公園打過棒球等情（見本院卷第74至75頁），就此過往行為紀錄，顯示較優於相對人，再佐以聲請人經濟來源穩定,"父母生活,親子感情,支持系統,父母經濟,子女意願,意願能力",,,母親主要為家管，且似曾為長男之主要照顧者多年，對長男之個性及生活細節應為瞭解，若長男未來由相對人母親照顧，將不會出現陌生感覺，長男目前為兒童階段，生活照顧部份尚需投入心力，故相對人之支持系統為穩定及良好離開聲請人家後仍堅持每兩星期探視長男一次，以及相對人會從老師那裡瞭解長男的成長狀況來看，可見相對人非常在意及關心長男之成長，推估相對人有一定之親職能力兩造之意願、居住硬體及親屬支援系統相當,"親子感情,父母生活,支持系統,意願能力,主要照顧",其經濟狀況一般，加上須負擔家計，未來若單獨撫養長男或較吃緊家人曾兩次搬家，現居所又為不穩定之住處，或對長男適應生活造成困難,"父母生活,支持系統,父母經濟"
52,"201611/臺灣士林地方法院民事/SLDV,105,婚,107,20161118,1.json",39_03_b5238b,a,原告亦能陳述子女身心狀況，兩造健康狀況良好，皆有穩定收入來源，足以妥適照顧子女兩造均具相當親權能力，且在親職時間的分配上兩造皆能配合子女生活作息兩造子女與原告依附關係正向且密切，建議尊重兩造子女之表意權,"父母健康,親子感情,子女意願,父母經濟",,,被告目前與子女同住，為主要照顧者，能清楚描述子女生活作息、身心狀況兩造健康狀況良好，皆有穩定收入來源，足以妥適照顧子女兩造均具相當親權能力，且在親職時間的分配上兩造皆能配合子女生活作息兩造均有具體照護計畫及教育規劃能力，也都有監護意願，足以提供子女良好的教育、生活環境及穩定照顧,"親子感情,父母生活,父母經濟,父母健康,意願能力,主要照顧",,
53,"201701/臺灣臺南地方法院民事/TNDV,105,婚,434,20170126,1.json",47_28_1e5167,b,原告監護動機及意願屬良善原告的經濟狀況佳，能提供被監護人較為優渥的生活照顧無虞。原告照顧計畫和教養態度屬良善。原告具親職概念及認知未有明顯不妥。原告與被監護人有一定的情感依附,"親子感情,父母生活,意願能力,父母經濟",反請求原告為丙○○之主要照顧者，丙○○亦已適應目前之生活環境及型態，自不宜遽予變動。,,相對人（即反請求原告）有穩定的工作，薪資足以負擔家庭生活所需，經濟能力良好。相對人在臺南地區有穩定的非正式支持系統，有具體提供協助的事實，而相對人母親亦不定期北上協助，相對人之親友支持系統可發揮正向功能。相對人自未成年人出生後便是主要照顧者，且具有提供良好生活環境的能力，相對人母女的親子關係亦屬緊密，因此相對人有積極意願爭取單方監護未成年人。相對人了解未成年人成長歷程及個人特質，能以開放友善的態度維繫親子關係，親子間保持良好的溝通，具有正向依附關係，相對人能發揮母職功能，親職能力良好。主要照顧者原則、友善父母原則,"親子感情,父母生活,支持系統,父母經濟,意願能力,主要照顧,友善父母",,
54,"201501/臺灣臺北地方法院民事/TPDV,103,婚,384,20150109,1.json",28_37_dfc32f,a,於教養能力、經濟能力及非正式支持系統等方面皆穩定，且具高度監護意願，監護動機亦為正向目的。涂芷菱目前由原告即反訴被告擔任主要照顧者，且與原告即反訴被告之親子間互動自然親近，對於原告即反訴被告抱有正向感受，評估原告與涂芷菱已建立穩定親子依附關係，可提供涂芷菱穩定照顧。涂芷菱、涂凱翔傾向與原告即反訴被告同住，惟未敘明理由，故建議再參酌原告即反訴被告之訪視報告，了解涂芷菱、涂凱翔與原告互動情形。受僱於人力派遣工公司擔任會計，每月工作收入約近_AmountOfMoney_，工作時間固定上下班制，週休二日，原告即反訴被告稱老闆說如家中有事情可給予彈性；兩造皆與家人同住一起，三代同堂的生活模式，生活照料上仰賴家人協助同住家人們也協助照顧兩受監理人。評估兩造皆有強而有力的同住家人資源給予支持及協助。兩造皆與家人同住一起，三代同堂的生活模式，生活照料上仰賴家人協助同住家人們也協助照顧兩受監理人。評估兩造皆有強而有力的同住家人資源給予支持及協助。會談時，涂芷菱、涂凱翔人會不斷的跑來關心，涂芷菱、涂凱翔想做某些事情時，較會「徵詢」原告即反訴被告意見；兩造有高度監護意願，其等教養能力、經濟能力及非正式支持系統等方面亦皆穩定，未成年子女均尚年幼，尤其涂凱翔甫滿_AgesYear_，均屬對母親依賴極深，且為人格形成之重要時期，分擔照顧責任之祖母業已過世，即不宜又強令與母親分離，加深不安全感，影響其自信心，且無論是社工訪視或程序監護人訪談調查，兩名子女均明白表示希望與原告即反請求被告長期相處、共同居住，,"子女年齡,親子感情,父母生活,支持系統,父母經濟,子女意願,意願能力,主要照顧",原告即反訴被告居家環境為新成屋，但目前臥房為其兄長為其子（即涂芷菱表弟）較大後所準備之臥房，目前原告即反訴被告與涂芷菱兩人同睡已顯得擁擠，並且家中亦未有其他空間可供受監理人獨立使用。,父母生活,被告即反訴原告具備監護意願及維護親情之行動力。‧‧‧被告即反訴原告具備良好經濟能力，往後應可持續提供涂芷菱、涂凱翔豐富之教育資源及生活需求無虞。‧‧‧被告即反訴原告與伊等已建立一定程度之依附情感，親子關係良好。就訪視所得，涂芷菱、涂凱翔與被告即反訴原告及其家人相處尚為融洽，被告即反訴原告亦應無不當對待之情事，被告即反訴原告之家人可提供實質之照顧，涂芷菱、涂凱翔可獲得更多家人之疼愛。‧‧‧建議：綜上評估，涂芷菱、涂凱翔權利義務之行使與負擔，被告即反訴原告並無不適任之處。自行開設有限公司並擔任負責人，每月薪資收入約為_AmountOfMoney_（不含獎金或公司分紅），公司營業時間為隔週休，但可依照顧子女之時間或狀況而調整工作時間，工作時間得自行決定有彈性。兩造皆與家人同住一起，三代同堂的生活模式，生活照料上仰賴家人協助同住家人們也協助照顧兩受監理人。被告即反訴原告居家環境為公寓5樓與6樓（6樓為頂樓加蓋，但無內部相通樓梯而有獨立門戶），6樓有兩房一廳一衛格局，均為被告即反訴原告與子女們遊玩與休息之主要生活空間，目前被告即反訴原告與子女同住在6樓主臥房，並有其他房間可調整使用。兩造居住環境未來都有更動之可能，然就目前情況觀察，被告即反訴原告的居住空間較於原告即反訴被告住處寬敞。兩造有高度監護意願，其等教養能力、經濟能力及非正式支持系統等方面亦皆穩定，,"親子感情,父母生活,支持系統,父母經濟,意願能力,父母職業",但是由於公寓較為老舊，被告即反訴原告計畫未來將搬離目前住所，尋找新住所居住。但與被告會談時，涂芷菱、涂凱翔比較專注於自己當下的活動；反之，面對被告即反訴原告時較像是「通知」想做某些事情。考量自通姦事發後，兩造有多起民刑爭訟，且有迄今仍未審結確定者，恐造成共同監護之行使障礙，影響未成年子女權利義務之行使負擔，,"親子感情,父母品行,父母生活"
55,"201606/臺灣桃園地方法院民事/TYDV,105,家親聲,139,20160616,1.json",31_24_7d9349,c,監護意願堅定與強烈。親屬的支持系統應可滿足受監護人階段性發展所需。住家為自用住宅故穩定性高，採光與通風良好，亦有足夠空間可供受監護人使用，住所附近緊鄰公園與國小，可讓受監護人作為就近活動的場所；在教育規劃方面，應會隨著受監護人年齡的不同階段與適性發展為主要考量。已蒐集許多未來能提供給受監護人照護的種種資源，就聲請人的身心健康，以及經濟與支持系統各方面的評估結果，其監護能力應十分足夠。兩造既均無明顯不適任監護人之情形，若由兩造共同監護林家弘應屬妥適。,"父母生活,意願能力,支持系統,父母經濟",,,經濟狀況及健康狀況皆良好，本會觀察未成年子女受照顧狀況良好，並且有現任丈夫協助照顧，支持系統評估足夠，在保護教養未成年子女之觀念正確，也對未成年子女悉心照顧與陪伴，評估相對人有良好之親權能力。成年子女一直由相對人悉心照顧，相對人經常陪伴及教導未成年子女，且再婚因素考量使未成年子女能享有父愛，並與現任丈夫協議好共同照顧未成年子女，就同住後相對人之現任丈夫也確實將未成年子女視為己出般照顧，且會陪同未成年子女玩耍，所提供居住地環境適宜照護未成年子女對於要給予未成年子女在身心層面及教育的想法均規劃細膩。以經濟能力與未成年子女受照顧部分可見相對人與相對人現任丈夫均有意栽培未成年子女。,"親子感情,父母生活,支持系統,父母經濟,父母健康,意願能力,人格發展",,
56,"201707/臺灣高雄少年及家事法院民事/KSYV,105,家親聲,388,20170707,1.json",13_42_8a77cf,a,與丙○○目前之褓姆及褓姆之堂哥關係良好，能提供良好的親職、教養及照顧，且褓姆及其堂哥與丙○○的依附關係深厚，足成為聲請人重要之支持系統；且未成年子女於本院家事調查官與其二次會談，皆明確表達其想與聲請人同住之意願，經家事調查官調查明確另考量未成年人現年僅約_AgesYear_尚幼，仍需同為女性之母親即聲請人之照護與關懷，且未成年人自其出生後即由聲請人主要負責照顧，與其依附關係佳，雖因工作繁忙，然未曾有重大疏於照護未成年人或故意忽視未成年人之情事，具備相當之親職能力,"子女年齡,親子感情,父母生活,支持系統,子女意願,意願能力",原生家庭居住在大陸湖南，聲請人在臺灣的親戚係位於臺中之兩位姑媽，距離較遠，若有緊急情事雖較無法支援,支持系統,亦有穩定收入來源，以維持未成年人基本生活安全，兩造之經濟能力，及能提供給未成年人之生活照顧條件尚屬相當，,"主要照顧,父母經濟",目前之工作時間需輪班而不定，且僅有一關係疏離之胞弟，無適當之支持系統協助照護未成年子女，由其行使或負擔權利義務恐未能完善；又未成年子女對相對人情感依附關係不佳，且相對人因曾有疑似性侵害未成年子女之行為，使未成年子女對相對人持有排斥畏懼之態度，亦對與相對人相處呈現不安與不願意之樣態，若強要未成年子女與之連續長期生活，恐對尚屬幼年的未成年人之身心狀態有不良之影響；未成年子女曾目睹相對人對聲請人為家庭暴力之行為，已使未成年子女對相對人形成不良之印象，加上相對人目前之酗酒習慣與其不佳之情緒管理，易於對家人施暴等情，可能會對未成年人未來成長塑造不良之榜樣與影響,"子女年齡,親子感情,父母生活,支持系統,父母品行,意願能力,父母職業"
57,"201503/臺灣高等法院民事/TPHV,103,重家上,24,20150324,1.json",37_25_5a5dc9,a,依據甲○○陳述，婚姻共同生活期間兩造因需外出工作，故兩名被監護人自出生皆由甲○○父母親協助照顧，甲○○為使兩名被監護人可於安全及穩定之環境下成長及生活，故希望可單獨監護。評估甲○○具高度監護意願，且監護動機為正向目的。兩名被監護人目前與甲○○同住，甲○○對於兩名被監護人生活作息及身心發展皆了解，訪視時觀察兩名被監護人互動良好，親子間有高度依附關係甲○○方面有母親可協助照顧兩名被監護人，與甲○○親屬間關係良好，甲○○父母親並支持甲○○聲請單獨監護權兩名被監護人為_AgesYear_兒童，目前與甲○○及甲○○父母共同生活，兩名被監護人皆表達喜歡目前生活，並與甲○○及其親屬有正向依附關係(2)教養能力：兩造皆能栽培兩名被監護人學習，且少以責打管教方式對待兩名被監護人，評估兩造具基本教養能力。(3)經濟能力：兩造目前收入皆可負擔支出，且親屬皆願意於經濟上提供協助，評估兩造經濟能力皆穩定。,"子女年齡,親子感情,支持系統,父母經濟,子女意願,意願能力,人格發展,父母職業",,,其願意提供兩名被監護人穩定及安全之生活環境，並希望可單獨監護兩名被監護人。評估乙○○具有高度監護意願。乙○○仍定期探視兩名被監護人，且對於兩名被監護人生活作息及就學狀況皆了解，評估兩造具良好親職能力。乙○○目前與父母同住，然表示支持乙○○爭取單獨監護，評估兩造非正式支持系統良好。(2)教養能力：兩造皆能栽培兩名被監護人學習，且少以責打管教方式對待兩名被監護人，評估兩造具基本教養能力。(3)經濟能力：兩造目前收入皆可負擔支出，且親屬皆願意於經濟上提供協助，評估兩造經濟能力皆穩定。,"親子感情,父母生活,支持系統,父母經濟,意願能力",無法觀察乙○○與兩名被監護人互動狀況兩名被監護人皆表達不願乙○○探視。,"子女意願,親子感情"
58,"201503/臺灣高等法院民事/TPHV,103,家上,157,20150317,1.json",16_41_8f30a8,b,於經濟能力及非正式支持系統方面尚屬穩定，並具高度監護意願，監護動機以確保未成年子女受照顧情形為考量可知兩造之社經地位、居家環境、支持系統及照顧計劃可行性等各方面，尚稱旗鼓相當。,"父母生活,意願能力,支持系統,父母經濟",徐○○表達對上訴人具負向印象及不安全感，與抗告人則較無互動顯見抗告人之親職能力欠佳，能否勝任行使、負擔未成年子女權利義務之責，使未成年子女身心得以健全發展，實堪存疑。,親子感情,綜合監護動機、案家狀況、案主被監護意願、未來照顧計畫等各項評估，雖相對人身心狀況無明顯異狀，親職能力、居住條件、支持系統也尚屬足夠，未來照顧計畫也無明顯不妥適之情形，故希冀由相對人擔任其主要生活照顧者，故基於主要照顧者原則、未成年子女意願原則及手足不分離原則，評估兩名被監護人由相對人單獨監護可獲得穩定之照顧等語另審酌前述訪視報告之內容，可知兩造之社經地位、居家環境、支持系統及照顧計劃可行性等各方面，尚稱旗鼓相當。綜上所述，為徐○○、徐○○之最大利益考量，基於子女意思尊重、現狀維持、手足不分離等原則，爰酌定對於徐○○、徐○○權利義務之行使或負擔由相對人任之。,"親子感情,父母生活,支持系統,子女意願,父母健康,意願能力,主要照顧",在經濟考量下，監護意願較屬消極，故評估相對人非優先適合擔任監護人等語,"意願能力,父母經濟"
59,"201608/臺灣臺中地方法院民事/TCDV,104,家親聲,990,20160824,1.json",22_37_f6aa17,c,兩造為未成年子女甲○○之父與母，始終不變，兩造對未成年子女甲○○親情之付出，均非任何人所得取代，是兩造對未成年子女甲○○而言，均具不可代替性，且依前開社工人員之訪視報告意見及家事調查官調查報告，足認兩造均無不適任照顧未成年子女甲○○之處,"親子感情,父母經濟",除對於未成年子女甲○○之酌定親權有明確之想法外，其對於酌定親權後之會面事宜，未有明確之認知且並未一併思索又自兩造分居後，未成年子女甲○○生活起居即由聲請人之父母照顧至今，且未成年子女甲○○已逾_AgesYear_，得以自行照顧自己之生活起居，再參以聲請人於本院庭訊時陳述主張由其單獨監護之理由，僅係不希望因此與相對人有所接觸等語，亦非為未成年子女最佳利益之考量就聲請人及其父母之陳述內容評估，聲請人雖表達不會阻撓、禁止會面，但就過往未成年子女甲○○與相對人之會面歷程評估，聲請人對於會面交往事宜在態度上並非絕對之友善及開放，仍會因部分瑣碎事宜，影響未成年子女甲○○與相對人之穩定會面未將未成年子女與未同住一方之會面交往事宜，視為攸關未成年子女權益之重大事宜。如此之態度及作為，恐不利未成年子女之成長發展，且無法滿足未成年子女甲○○與母親接觸互動之情感需求,"子女年齡,意願能力,友善父母",目前工作穩定，經濟收支可打平，可維持穩定的生活目前並未擔任未成年子女之主要照顧者，但其自述與未成年子女每週會面，互動親密良好，評估相對人行使親權之能力尚佳兩造為未成年子女甲○○之父與母，始終不變，兩造對未成年子女甲○○親情之付出，均非任何人所得取代，是兩造對未成年子女甲○○而言，均具不可代替性，且依前開社工人員之訪視報告意見及家事調查官調查報告，足認兩造均無不適任照顧未成年子女甲○○之處,"主要照顧,親子感情,意願能力,父母經濟",,
60,"201611/臺灣屏東地方法院民事/PTDV,105,婚,65,20161130,1.json",04_17_792e7e,a,目前為三名未成年人之實際照顧者，爭取親權意願強烈，且有未成年人之祖父母可協助照顧未成年人，其所提供親職時間可滿足未成年人需求，現住所為未成年人祖父名下，生活機能便利，可讓未成年人穩定居住。與未成年人互動均正向緊密，且能與未成年人正向溝通，觀察未成年人受照顧情況及身心發展良好，彼此情感依附佳未成年子女乙○○、甲○○及丙○○亦於訪視中表示希望與原告同住,"親子感情,父母生活,支持系統,子女意願,意願能力,人格發展",,,本院基於家務自主元則，並予尊重其協議，乃酌定由兩造共同任之，並由原告任主要照顧者，較符合未成年子女之最佳利益,友善父母,本院審酌被告長期未協助照顧未成年子女，目前更離家未歸,"親子感情,意願能力,父母生活"
61,"201607/臺灣雲林地方法院民事/ULDV,105,家親聲,96,20160725,1.json",24_41_601304,b,有良好的基本照顧能力支持系統皆足夠，都有穩定及適合的居所給予子女成長，且具備良好的照顧能力,"親子感情,支持系統",尚在大學就學中，經濟上主要依賴聲請人之父母資助，爾後是否適宜擔任子女之親權人，仍待評估與考量,"父母生活,父母經濟",有良好的基本照顧能力，然子女現在主要照顧者為相對人母親，雙方互動親密融洽，另有相對人父親及祖父母在協助照顧，子女目前生活成長情況良好。支持系統皆足夠，都有穩定及適合的居所給予子女成長，且具備良好的照顧能力未成年人吳宥澤、吳宥昇長期以來，多由相對人及其家人撫育照顧，依訪視報告可知，子女被照顧情況良好，且已適應目前之生活環境，若驟然改變，對該未成年人之身心，恐有適應不良之不利影響,"主要照顧,親子感情,意願能力,支持系統",,
63,"201709/臺灣嘉義地方法院民事/CYDV,106,婚,175,20170906,1.json",15_38_3a8e65,b,原告訴訟代理人到庭表示呂翊豪如果能由原告擔任親權人是最好，,意願能力,,,審酌呂翊豪自幼由父親撫養，現與被告同住，已習慣被告之生長環境但如被告堅持要呂翊豪之監護權，原告也能接受復未見被告照顧有何不適當之情事，故本院認對於兩造未成年子女呂翊豪權利義務之行使或負擔由被告單獨任之，尚符合未成年子女之最佳利益,"主要照顧,親子感情,意願能力,友善父母",,
67,"201601/臺灣桃園地方法院民事/TYDV,104,家親聲,297,20160130,1.json",18_43_b4f74b,c,未成年子女年齡為_AgesYear_，需要有耐心及愛心照顧及陪伴未成年子女，觀察聲請人與未成年子女的互動方式融洽，聲請人很有耐心與未成年子女講話及教導未成年子女正確的行為，建議年幼子女較適合由母職者照顧除聲請人上夜班時委由聲請人母親照顧以外，其他時間都由聲請人與未成年子女互動、相處，評估聲請人為主要照顧者、聲請人母親為協同照顧者，建議由聲請人繼續保護教養較有利於未成年子女。前為未成年子女之主要照顧者，經濟能力穩定足供未成年子女基本生活所需，其與未成年子女之互動情形良好，對於該子女之身心狀況及需求甚為明瞭，渠等依附關係深厚，其有能力亦有意願照顧未成年子女，且無不適任之情；均有高度監護意願，又無明顯不適任之情形，可見兩造均得勝任未成年子女親權人，自不應任意剝奪未成年子女受父母共同參與其等成長發展之權利。,"子女年齡,親子感情,父母經濟,意願能力,主要照顧",,,對於爭取未成年人之監護權之意願強烈，有心承攬起扶養及教育未成年人之責，對於未成年人生活養育皆有盡心力，整體上相對人呂振宗有扮演好為人父之角色及職責照顧未成年人，相對人呂振宗擔任監護人並無明顯不適任之處經社工評估相對人對於未成年子女之作息及喜好等皆有所掌握及瞭解，十分用心關注未成年子女之成長，對未成年子女之生活盡心盡力，具備照顧經驗，有扶養及監護未成年子女之意願及親職行動力，足徵相對人並非如聲請人所指有上開不適任親權人之情形。均有高度監護意願，又無明顯不適任之情形，可見兩造均得勝任未成年子女親權人，自不應任意剝奪未成年子女受父母共同參與其等成長發展之權利。,"親子感情,意願能力,父母生活",相對人雖有負債,父母經濟
68,"201607/臺灣高雄少年及家事法院民事/KSYV,104,家婚聲,27,20160718,1.json",14_39_adae8e,a,良善動機而爭取單獨監護，評估皆立意良善，然因原告已長期妥善照顧未成年子女，對於未成年子女往後照顧與教育亦相當重視，且有親友協助與支持，而因兩造已難以妥善溝通討論，因此建議未成年子女由原告單獨監護為未成年子女出生後之主要照顧者，對未成年子女生活習慣及興趣皆相當了解，亦尊重未成年子女興趣盡力栽培未成年子女自出生後長期均主要由原告照顧，未成年子女為女性且尚屬年幼，與原告情感依附緊密，雖未成年子女亦喜歡與被告互動，惟情感上明確認同原告，且習與原告同住，兼衡兩造之親屬支持系統、未成年子女之感情依附，及原告之經濟狀況、親職能力、及兩造現難以妥善溝通討論等情，認為對於兩造所生未成年子女權利義務之行使或負擔由原告任之，較能符合上開未成年子女之最佳利益,"子女年齡,親子感情,支持系統,父母經濟,意願能力,主要照顧",,,尚能負擔未成年子女之基本開銷無虞。良善動機而爭取單獨監護，評估皆立意良善，,"意願能力,父母經濟",甚少照顧未成年子女，訪視當時幾無互動考量被告過往雖與未成年子女同住，但較少參與未成年子女之生活,"親子感情,意願能力"
69,"201510/臺灣高等法院民事/TPHV,104,家上,24,20151020,1.json",20_13_39584b,b,目前身心狀況並無明顯異狀亦無明顯不適之監護動機,"父母健康,意願能力",目前尚無具體就業計畫，則其經濟能力略不足以提供楊○○所需之協助；對於照顧楊○○部分比被上訴人含糊；其不確定離婚後之具體住居處所，故住居能力略不足支應楊○○生活所需雖無明顯不妥適之監護動機、身心狀況無明顯異狀、具親職能力及支持系統，惟住居及就業部分未有具體計畫，然住居穩定及經濟部份對於未成年子女生活穩定有一定比例之影響,"父母生活,支持系統,父母經濟,父母健康,意願能力",扣除各項支出，每月尚可儲蓄；其能清楚陳述楊○○之生活作息、個性喜好、學習情形，並接送上下學、準備晚餐；名下有房屋可供與楊○○共同居住；無明顯不妥適之監護動機於身心狀況、親職能力、居住、支持系統、未來照顧計畫等皆無明顯不妥適之處，該機構建議由被上訴人單獨擔任監護人為宜等情上訴人表示若確定離婚，會離開新竹到外地工作，伊不想變動生活，被上訴人整體狀況較佳，現在也沒有如以前管那麼多，因此監護部分，其第一順位為「共同監護」，若不能共同監護，第二順位為被上訴人單獨監護因自幼均由被上訴人負責其生活，故希望由被上訴人擔任監護人等語經營花店，經濟較上訴人穩定；楊○○尚處求學階段，生活環境不宜有太大變動，應由被上訴人行使或負擔對楊○○之權利義務，始符合其之最佳利益。,"親子感情,父母生活,支持系統,父母經濟,子女意願,父母健康,意願能力,父母職業",目前之身心狀況雖無明顯異狀，但情緒狀況較為負向,"父母健康,父母生活"
70,"201603/臺灣高雄少年及家事法院民事/KSYV,105,家親聲,38,20160318,1.json",31_36_897db5,b,兩造皆有穩定工作，要養育兒少應可負擔，居家環境及支持系統條件也都差不多，兩造主要因為價值觀不同引起糾紛，在兒少照顧上並無不當之處，社工觀察無論兒少由誰監護，在兩造上班時間都需委由其他家人照顧，,"親子感情,支持系統",,,兩造皆有穩定工作，要養育兒少應可負擔，居家環境及支持系統條件也都差不多，兩造主要因為價值觀不同引起糾紛，在兒少照顧上並無不當之處，社工觀察無論兒少由誰監護，在兩造上班時間都需委由其他家人照顧，畢竟兒少出生後由相對人及相對人母親照顧的時間較長，已較熟悉相對人的照顧，且在照顧上並無不當之處，兩造所生未成年子女謝○芹年僅_AgesYear_，自_SpecificDate_起，與相對人同住迄今，習於相對人及同住家人之照顧及生活環境，,"子女年齡,親子感情,父母生活,支持系統,意願能力",,
71,"201708/臺灣高雄少年及家事法院民事/KSYV,106,家親聲,142,20170815,1.json",14_04_73e6bf,b,有強烈的監護意願。經濟與環境條件較佳,"父母生活,意願能力,父母經濟",並未就未成年人不想轉學的意願溝通了解，親子間的情感連結及互動不足；對探視權亦採取較限制與缺乏彈性之態度，傾向否定或避談相對人對未成年子女之付出，使未成年子女恐須面對忠誠困境，不利長遠身心發展。在親職能力仍較為缺乏。具體而言，與未成年子女洪○恩之交流多限於線上遊戲之討論，且聲請人因擔心對洪○恩電玩時間設限會使其厭惡並影響監護權，而刻意討好不限制另一名未成年子女洪○婷必須負責協助照顧洪○恩作息，而須姊代母職，將使其在家庭結構中角色錯亂並影響家庭互動。,"親子感情,支持系統,意願能力,人格發展,友善父母",有強烈的監護意願。較能提供未成年子女心理上之需求、尊重其等之感受，並願意提供較開放探視空間，且二名未成年子女均清楚表明相對人過去為主要照顧者較能察覺未成年子女之身心發展狀態，並規範未成年子女洪子恩接觸電動遊戲，親職能力明顯較佳，建議由相對人任二名未成年子女親權人為妥適等語未成年子女自出生後即由相對人擔任主要之照顧者，且較願意對相對人吐露心事，相對人照顧未成年子女的方式較有原則並兼具彈性，親職能力顯較聲請人為佳,"親子感情,意願能力,人格發展,主要照顧,友善父母",相對人物質條件較差，,父母經濟
73,"201708/臺灣臺北地方法院民事/TPDV,106,婚,148,20170825,1.json",05_11_e456fe,a,親權能力、親職時間、照護環境及教育規劃均穩定，具有高度監護意願，監護動機正向為未成年子女出生至今之主要照顧者，且丙○○目前無受不當照顧情形，與原告互動自然、依附關係正向,"主要照顧,親子感情,意願能力,父母生活",,,為推拿師，收入不低且無惡性負債，長期支付丙○○扶養費，具備扶養子女之經濟能力雖非丙○○之主要照顧者，以致照顧經驗不熟練，但被告會觀察丙○○情緒起伏、身體狀況和言行表現，言談中亦可具體描述，評估被告對丙○○尚稱有心，親職能力不差。被告因原告回娘家待產而不曾與丙○○同住，但仍透過原告與丙○○見面互動，雖然僅能在原告家中陪伴丙○○，仍保持固定接觸往來，對維繫親情態度主動，與丙○○間親子關係發展並未停滯。,"主要照顧,親子感情,意願能力,父母經濟",被告在原告離家後持續進行騷擾行為，並已獲核發通常保護令關於兩造子女命名問題，被告想像力實過於豐富，難認原告有何惡意命名之狀況，另由被告所提出照片可知，被告係將原告哥哥抱著丙○○看電腦之尋常動作，扭曲解讀為「放在雙腿間生殖器官上方十餘分鐘」，足見被告性觀念及思考與常人明顯有異,"親子感情,父母生活,父母品行"
74,"201712/臺灣新北地方法院民事/PCDV,106,婚,158,20171219,1.json",37_17_bf70cf,a,聲請人父母親為名未成年子女過往之主要照顧者，且聲請人父母親與聲請人同住能協助照料2名未成年子女生活起居，故評估聲請人親權能力優於相對人。「主要照顧者原則」，即幼童與主要照顧者間有深厚之情感依附關係，宜由主要照顧者繼續照顧幼童「最小變動原則」，即應予幼童習慣且穩定之照顧環境。是兩造未成年子女丙○○自出生迄今既均居住於聲請人父母家中，由聲請人父母擔任主要照顧者，已與聲請人及其家人產生深厚之情感依附關係,"主要照顧,親子感情,支持系統",聲請人雖未能具體說明對2名未成年子女之教育規劃,意願能力,相對人對於2名未成年子女皆有具體之期待，但未來發展仍會尊重及陪伴2名未成年子女朝向其能力及興趣決定；評估兩造具備適當教育能力然自_SpecificDate_因法院判決，故2名未成年子女改與相對人同住,"親子感情,意願能力",兩造目前之住所皆空間足夠、環境整潔，惟相對人住所位於工業區，社區生活機能較為不便,父母生活
75,"201710/臺灣桃園地方法院民事/TYDV,106,家親聲,528,20171012,1.json",41_31_b0b4f3,a,2名子女表示過往都是聲請人在照顧2名子女到府訪視聲請人，聲請人身心狀況尚稱穩定，對於過往的婚姻感到委屈，提及目前單獨照顧2名子女的狀況表示與過往兩造同住之情形並無不同。所有的生活支出及未成年子女的費用都由其自行負責。彼此依附情感深；又兩造所提之未來照顧計畫中，聲請人表示欲將未成年子女交由聲請人母親代為照顧，平日下班後則由聲請人親自照顧聲請人目前與其母同住，房屋為其母名下，聲請人父母離異，但聲請人父亦居住在附近，平時會給予聲請人協助，聲請人目前每週五讓未成年子女前往聲請人父之佛堂參加讀經班，未來週二若有開課，亦會讓未成年子女前往。聲請人自未成年子女2人出生以來即擔任主要照顧者，之後更與未成年子女一同前往台中居住，於台中居住期間尚無發生適應不良之況，顯見未成年子女於相對人照顧下受照顧情形良好,"親子感情,父母生活,支持系統,父母健康,主要照顧",聲請人平日日間需上班，而有將未成年子女交由親屬照顧之情聲請人之經濟能力雖不如相對人,父母經濟,相對人主張爭取未成年子女潘星瑋之監護權，主要因性別取向照顧較為適當，但若聲請人無工作能力，兩名未成年子女均有意願取得單獨監護權。對於家庭結構狀態改變，相對人主張期待兩名未成年子女快樂生活最為重要，希望子女均能淡忘不愉快的回憶。另外對於會面規劃則保持開放彈性之態度。過往相對人主要在外工作為支撐家中經濟主要來源過去均由相對人負擔全家經濟開銷將由相對人自行提供照護子女之教育與就醫需求，過去與未來均會提供課後輔導課程。相對人表示將能提供適當的親職能力供未成年子女之生活撫育。會面探視方案評估與建議希望未來能以電話事前預約通知時間，主要安排假日時間進行會面，方式與地點均為彈性不設限。,"親子感情,意願能力,友善父母,父母經濟",相對人對於未成年子女之未來撫育狀態，未有不適任之情況對於相對人較為反感，其2人對於未來還需要與相對人會面交往感到排斥及抗拒。相對人的情緒不佳相對人目前仍居住在兩造過往共同生活之租賃地點，租金每月_AmountOfMoney_，屋內共有3間房間，其表示目前單獨居住在此，屋內堆置相對人網拍必要之物品，物品擺設略微凌亂。相對人之照顧計畫中平日日間與晚間照顧者固然均由其照顧，但若其與他人外出遊玩時，則未成年人照顧方面，因相對人未與親人同住，且親人遠在台東，銜接計畫較缺完善,"親子感情,父母生活,支持系統"
76,"201508/臺灣高雄少年及家事法院民事/KSYV,104,家聲抗,1,20150831,1.json",39_00_49b478,b,未成年子女於_AgesYear_多前多由抗告人母親照顧聲請人規劃幼稚園階段先讓未成年子女在○○快樂成長，升至國小時再將未成年子女接回六龜同住，屆時祖母亦會隨同搬回，共同協助照顧未成年子女等情,"主要照顧,意願能力,支持系統",詢問未成年子女是否願意回去六龜與相對人住、或至臺南與抗告人住，其均表示不願意抗告人於未成年子女_AgesYear_前即離家未歸，其後與未成年子女即無互動交集，親子關係較為生疏抗告人於兩造婚姻關係尚存續中之_SpecificDate_即已離家抗告人到庭自承：離家後未曾打電話關心未成年子女，亦未回去探視，並直至本件於原審繫屬時，方與未成年子女取得聯繫,"子女意願,親子感情,父母生活",_AgesYear_後則與相對人母親於○○共同生活至今惟大約1至2週即會回○○探視，或帶其返回六龜家中、共同出遊等，未成年子女之祖母亦不時會帶其回相對人處團聚，故未成年子女與相對人仍能保持良好之依附關係與未成年子女導師晤談，其表示未成年子女在校之生活狀況與人際關係皆良好，很能融入校園之生活，未成年子女之祖母對其甚為關心未成年子女目前之健康狀況、生活及學習情形與受照顧情況均良好，且學校老師及鄰居均能及時在生活中給予關心及協助，成為其良好之支持系統相對人又已規劃未成年子女升至國小時，接回六龜同住，屆時祖母亦會隨同搬回，共同協助照顧未成年子女,"子女年齡,親子感情,意願能力,支持系統",相對人雖未與未成年子女同住,父母生活
77,"201610/臺灣嘉義地方法院民事/CYDV,105,家親聲,201,20161019,1.json",26_10_6e1aaa,c,同意維持共同監護之現況,主要照顧,,,同意維持共同監護之現況,主要照顧,,
79,"201701/臺灣新竹地方法院民事/SCDV,105,家親聲抗,16,20170119,1.json",19_17_9bb6b9,b,受監理人與父母之情感關係均佳受監理人父母雙方對於照顧受監理人均有相當高的意願○雙方都有照顧意願但與受監理人母依附較深：過往受監理人母雖為主要照顧者,"主要照顧,親子感情,意願能力",但個人之照顧能力均不足，但歷經分住兩地已經兩年多，其在探視結束時，並不會捨不得與受監理人母分開，而是接受的態度。,"親子感情,意願能力",受監理人與父母之情感關係均佳受監理人父母雙方對於照顧受監理人均有相當高的意願○雙方都有照顧意願相較之下，受監理人父與其家人較了解且重視受監理人之療育需求.綜上所述，受監理人維持目前生活居住是比較合乎他的最佳利益。受監理人目前照顧良好、療育穩定、受監理人父之親友資源、住家環境（南投水里）與經濟條件相對優於受監理人母。,"親子感情,父母生活,支持系統,父母經濟,意願能力,主要照顧",但個人之照顧能力均不足，,親子感情
80,"201603/臺灣高等法院臺南分院民事/TNHV,104,家上,59,20160322,1.json",05_22_12ed20,b,會至被上訴人家探視未成年子女○○○，上訴人偶爾陪伴未成年子女○○○及協助照顧，，上訴人仍持續探視未成年子女○○○以給予關懷，顯見上訴人希望繼續維持與未成年子女○○○情感連結兩造皆有良好及穩定的支持系統,"主要照顧,親子感情,支持系統",有較佳的經濟條件及居家環境，然親職能力普通,"父母生活,父母經濟",現為未成年子女○○○之主要照顧者，未成年子女○○○現尚無表意能力，然外觀發育正常，會說話，於訪視時一直依偎在被上訴人懷裡，或走出去踏單車。因未成年子女○○○尚有喝母乳，故未成年子女○○○生活及情感上必然較依附被上訴人從事保險業，工作時間較彈性兩造皆有良好及穩定的支持系統,"親子感情,父母生活,支持系統,意願能力,父母職業,主要照顧",,
81,"201710/臺灣士林地方法院民事/SLDV,105,婚,292,20171017,1.json",13_15_3658ce,a,具正向監護動機與高度意願，並具備能提供未成年子女良好照顧之能力具有行使親權之高度意願及能力，且於經濟收入、生活條件亦得提供未成年子女良好照護環境，先前共同居住生活時，均有照顧未成年子女經驗。目前與未成年子女同住，訪視時觀察未成年子女與原告依附關係良好，評估原告具相當親權能力。於工作之餘能親自照顧未成年子女，評估原告親職時間充足；自_SpecificMonth_分居後，未成年子女亦由原告照顧至今，訪視時社工員觀察未成年子女受照顧情形良好，原告與未成年子女互動自然，有良好親子依附關係，本院因認宜由其繼續負責照顧責任,"親子感情,父母生活,父母經濟,意願能力,主要照顧",,,具有行使親權之高度意願及能力，且於經濟收入、生活條件亦得提供未成年子女良好照護環境，先前共同居住生活時，均有照顧未成年子女經驗。,"親子感情,意願能力,父母經濟",惟兩造同住時，被告即反請求原告多有因工作出國，而由原告單獨照顧未成年子女情形,"親子感情,意願能力,父母生活,父母職業"
82,"201706/臺灣彰化地方法院民事/CHDV,105,家親聲,281,20170626,1.json",13_32_23c9bc,b,在經濟能力、滿足案主基本物質需求、居住環境及協助教養等功能均為正向。,"親子感情,意願能力,父母經濟",對照顧案主經驗尚缺，建議案父接受親職教育，以學習如何教養小孩，有助於幫助案主的成長。,親子感情,在家人的協助下，單獨照顧受監護兒少至今，對受監護兒少的生理發展、心理需求等均相當清楚，觀察受監護兒少與相對人間的情感相當緊密，兒少亦與相對人已建立安全之依附情感。兒少在相對人的照顧下，發展正常、正向，且相對人為全職照顧者，能關注及照顧兒少的生活及安全，相對人亦無照顧疏忽或虐待兒少等情事，且兒少目前年僅_AgesYear_，對主要照顧者（相對人）有強烈依附需求，以幼兒從母、最小變動原則，由相對人擔任親權人最符合兒少權益。,"子女年齡,親子感情,支持系統,意願能力,主要照顧",雖無穩定的工作及收入，,父母經濟
83,"201607/臺灣士林地方法院民事/SLDV,105,婚,34,20160729,1.json",08_15_1d226b,a,兩造皆可提供穩定生活照顧及教育支持，評估兩造皆具有相當之親職能力。為丙○○自幼迄今之主要照顧者，且單獨照顧丙○○近一年，對於子女之瞭解與需求自較被告熟悉，與子女間情感依附關係緊密，母子互動關係良好，丙○○應已習慣原告之撫育方式丙○○於社工訪視及本院審理中均表明與聲請人同住之意願，其意願應予尊重。兩造親職時間能配合未成年子女之生活作息。，有充足的親屬照顧資源，兩造皆可以提供未成年子女良好的教育及生活環境。具有監護意願，監護動機為正向目的,"親子感情,父母生活,支持系統,子女意願,意願能力,主要照顧",,,兩造皆可提供穩定生活照顧及教育支持，評估兩造皆具有相當之親職能力。兩造親職時間能配合未成年子女之生活作息。，有充足的親屬照顧資源，兩造皆可以提供未成年子女良好的教育及生活環境。具有監護意願，監護動機為正向目的,"意願能力,支持系統",已近一年未與丙○○同住，彼此間生活少有交集，父子關係不免疏離,親子感情
84,"201505/臺灣士林地方法院民事/SLDV,103,婚,293,20150518,1.json",05_05_4beffe,c,原告於教養能力、經濟能力及非正式支持系統等方面皆穩定案主2（乙○○）則表示，考量兩造當中，其與原告關係較為密切，因此希望由原告監護，與原告共同生活。為兩名被監護人出生後之主要照顧者，目前原告雖未與兩名被監護人同住，然原告仍會提供兩名被監護人生活及經濟上協助，亦常電話關心兩名被監護人，並利用休假時間帶兩名被監護人外出用餐，原告具基本的親職能力，且具高度監護意願，監護動機亦為正向目的，評估原告具監護能力,"親子感情,支持系統,父母經濟,子女意願,意願能力,主要照顧",,,有意願單獨監護案主們，且過去無明顯不利於案主們受照顧相關情事。,"親子感情,意願能力",,
85,"201504/臺灣高等法院民事/TPHV,103,家上,218,20150415,1.json",22_13_a6a2d2,b,具基本教養能力，上訴人目前於貿易公司擔任業務員，每月薪資為_AmountOfMoney_，評估其經濟能力尚足以支付本身及被監護人生活所需，非正式及正式支持系統亦屬良好，並具高度監護意願，監護動機以提供被監護人穩定及安全的生活為考量,"意願能力,支持系統,父母經濟",較為缺乏照護張倞婕之經驗，且其單身在台，照顧支持系統遠不如被上訴人，故被上訴人在照顧經驗及親子依附關係顯然較上訴人為佳。,"親子感情,支持系統",被監護人自出生迄今由被上訴人擔任主要照顧者，被上訴人對於被監護人身心狀況瞭解，訪視時觀察被上訴人與被監護人互動自然且親密，被監護人無受不當照顧情形，評估被上訴人能善盡養育及照顧被監護人之責，並提供被監護人穩定生活照顧，具良好親職能力被監護人與被上訴人及其家人互動自然且親密，無疏忽照顧情形。具高度監護意願，訪視觀察被上訴人與被監護人已建立穩定之依附關係，故基於主要照顧者原則及幼年從母原則，評估由被上訴人單獨監護能提供被監護人較穩定且安全之照顧未成年子女張倞婕自出生後，大多由被上訴人負起主要照顧責任，且自兩造分居時起迄今，皆與被上訴人同住生活，其日常生活起居照顧均由被上訴人或其家人照顧，彼此互動親密自然，情感連結甚為緊密，應已建立持續、穩定、緊密之依附關係。況張倞婕係於_SpecificDate_生，現仍處於嬰幼階段，亟需母親的關愛照顧，而被上訴人長期與其共同生活，對其人格特質、身心發展狀況及生活需求甚為瞭解職業為幼教老師，表示願意鼓勵並培養被監護人盡量升學，規劃未來供被監護人出國就學，評估被上訴人具基本教養能力，復有穩定工作及收入來源，能提供本身與被監護人基本生活所需，且非正式社會支持系統穩定。張倞婕目前接受被上訴人之照顧狀況並無任何不適應之處，堪認張倞婕應已習慣目前之生活作息及成長環境，倘若貿然予以變動，未必有利於張倞婕之身心發展，且上訴人亦自陳因久未與張倞婕共同生活，張倞婕對其難免有所疏離,"子女年齡,親子感情,支持系統,父母經濟,父母健康,意願能力,人格發展,父母職業,主要照顧",,
86,"201612/臺灣彰化地方法院民事/CHDV,105,婚,226,20161207,1.json",40_08_2f4e84,a,案主自幼皆為案父（即本案被告，下同）母共同照顧_SpecificMonth_案母帶著案主離開案父身邊在外租屋同住迄今。案母在維力公司上班，有正當工作與穩定收入，現居住處為承租公寓，案母在經濟能力、滿足案主基本物質需求、提供妥適成長環境、協助教養與親職教養等功能，均為正向評估。案主年滿_AgesYear_，有自主及充分理解能力，訪談時能明確表達要與案母同住，並由案母監護照顧社工訪視及到庭時均明確表達願與原告同住並由原告行使監護權之意願及想法（參見本院_SpecificDate_言詞辯論筆錄第5頁），其意願自應予尊重,"親子感情,父母生活,父母經濟,子女意願,意願能力",,,案主自幼皆為案父（即本案被告，下同）母共同照顧,親子感情,,
87,"201507/臺灣苗栗地方法院民事/MLDV,103,婚,104,20150729,4.json",50_13_b5833f,a,兩造於教養能力、支持系統、經濟狀況皆屬穩定，並具監護能力與照顧意願丙○○目前_AgesYear_又4個月，尚在嬰幼兒階段，需要強烈的母女依附關係，所以程序監理人比較認同幼兒隨母的作法。本院審酌原告有高度行使親權之意願，且持續謀職，亦有薪資，應有能力提供未成年子女基本生活需要。又未成年子女年僅_AgesYear_4月，亟需滿足受照顧及與母親建立親密依附關係之需求，本院審酌上情，基於幼兒從母原則，認為對於未成年子女丙○○權利義務之行使或負擔由原告單獨任之，最能符合未成年子女之最佳利益,"子女年齡,意願能力,支持系統,父母經濟",,,兩造於教養能力、支持系統、經濟狀況皆屬穩定，並具監護能力與照顧意願經濟能力固優於原告,"意願能力,支持系統,父母經濟",有施暴行為（有打頭），算是暴力高危險群並經裁定須接受認知教育及戒酒教育，可見被告個性較不成熟，不容易站在他人立場去思考且對原告數度施暴，可見其情緒自我控制不佳。惟被告長期在越南工作，過去與未成年子女之互動非多，對於未成年子女親自照顧之經驗極為有限，難以即時提供未成年子女照顧並滿足未成年子女之情感需求惟祖父母隔代教養難以取代未成年子女對母愛之渴求，祖父母與母親之衝突、對立及對於母親之多所指責，亦難謂有利於未成年子女心理健全發展,"親子感情,父母生活,支持系統,父母品行,意願能力,父母職業"
89,"201509/臺灣高雄少年及家事法院民事/KSYV,103,婚,317,20150901,4.json",51_18_e484ab,b,有爭取未成年子女監護權之意願，亦有監護未成年子女的能力，,意願能力,未曾與未成年子女同住過，目前對未成年子女受照顧狀況亦相當不了解，原告與未成年子女間親子關係亦相當薄弱,"親子感情,意願能力,父母生活","從被監護人出生至今就親自照顧，不曾懈怠，與被監護人情感親密，但具有謀生能力及親友支持系統，被監護人表達意願將繼續和被告共同生活的想法,因本案被監護人甲○○已有充分表達意願之能力，故就被監護人權利義務行使或負擔由被告單獨任之，並審酌未成年人之性別及其年紀尚幼，且從出生迄今皆由被告照顧，並考量未成年人之意願及原告迄今仍無照顧經驗等情，認為對於未成年子女甲○○權利義務之行使負擔，應由被告任之，始符合未成年子女甲○○之最佳利益","子女年齡,親子感情,支持系統,子女意願,意願能力,主要照顧",目前生病沒有收入來源,"父母健康,父母生活,父母經濟"
90,"201610/臺灣臺中地方法院民事/TCDV,105,家親聲,5,20161019,1.json",26_20_a96471,b,目前均有爭取親權之意願，且行使親權之能力相當有充足之家庭支持系統可協助照顧未成年子女，兩造之工作時間亦為彈性,"意願能力,支持系統",雖主張相對人屢次拒絕其與子女會面交往云云，然未舉證以實其說，況其自陳之前時常前往探視子女，現隔週與子女會面交往，執此，自難為不利於相對人之認定。,友善父母,目前均有爭取親權之意願，且行使親權之能力相當有充足之家庭支持系統可協助照顧未成年子女，兩造之工作時間亦為彈性目前以照顧未成年子女為主，若有空閒時間才至工廠工作，又未成年子女自幼即居住在相對人娘家，對目前居住環境適應在雙親家庭中成長之孩童，母親之角色有其獨特之女性人格特質，最能瞭解小孩生活上之需要，母親亦往往較能照顧小孩之生活起居母親亦往往較父親更能促進親子間之互動溝通，由母親即相對人照護未成年子女，應符合未成年子女之最佳利益未成年子女林建佑顯已與相對人有甚深依附關係，且由相對人負擔實際照顧責任迄今，相對人實已擔任未成年子女林建佑主要養育者角色，而相對人亦無顯不適擔任親權人之情形,"親子感情,父母生活,支持系統,意願能力,父母職業",,
93,"201610/臺灣高雄少年及家事法院民事/KSYV,105,家親聲,584,20161028,1.json",30_00_34ace3,a,均具監護意願，兩造均無需負擔其他親屬之經濟支出，均夠支付未成年子女日常生活所需，居家空間均無不適合未成年子女之情形，兩造父母均願提供實質協助與支持，家庭支持系統均良好，未成年人廷峰、廷睿已滿_AgesYear_、_AgesYear_，雖無法完全認知被監護之意義，但已能確切表達自身想法，兩人均明確表示希望由原告單獨行使負擔其權利義務並與原告同住生活。未成年子女自幼由聲請人擔任主要照顧者，二名未成年子女年紀尚幼，目前未成年子女與聲請人同住生活適應良好，復參以二名未成年子女均曾明確表達希望由聲請人單獨任親權人，兼衡二名未成年子女與原告依附關係良好、聲請人之親權能力經評估明顯優於相對人，,"子女年齡,父母生活,親子感情,父母經濟,子女意願,意願能力,主要照顧",,,均具監護意願，兩造均無需負擔其他親屬之經濟支出，均夠支付未成年子女日常生活所需，居家空間均無不適合未成年子女之情形，兩造父母均願提供實質協助與支持，家庭支持系統均良好，較少執行親職工作，且曾於未成年子女面前對聲請人施以暴力，有對於未成年子女造成心理不良影響之虞，顯示相對人對於親職身分及責任尚未有足夠意識，,"意願能力,支持系統,父母經濟",,"親子感情,意願能力,父母品行"
94,"201502/臺灣桃園地方法院民事/TYDV,103,婚,544,20150209,1.json",36_25_aa6390,a,評估聲請人（即原告）有高度監護意願，希冀能單獨監護被監護人，監護動機為正向目的，希冀維持被監護人生活及身心穩定發展兩造對於被監護人身心發展狀況及個性皆能清楚回應。訪談時觀察聲請人與被監護人互動自然、親密，評估聲請人親職能力良好。兩造皆能具體陳述對於被監護人未來之規劃，且表達願意栽培及照顧被監護人學習與成長，評估兩造皆具基本教養能力。被監護人與聲請人互動自然，外觀正常、衣著整齊、發育正常，無受不當照顧情形。被監護人與聲請人及聲請人家庭成員共同居住，依據主要照顧者原則與幼年從母原則，評估由聲請人單獨監護可提供被監護人適切之生活照顧等語。再者，林子彤尚屬年幼，且平時主要由原告及保母照顧，故本院兼衡幼年從母、主要照顧者原則，認由原告單獨監護林子彤，可保有林子彤目前熟悉之環境及照顧方式，應符合林子彤之最佳利益,"子女年齡,親子感情,意願能力,人格發展,主要照顧",,,相對人（即被告）亦具有監護意願，監護動機為希冀被監護人仍可享有兩造之關愛及照顧。兩造皆能具體陳述對於被監護人未來之規劃，且表達願意栽培及照顧被監護人學習與成長，評估兩造皆具基本教養能力。,"親子感情,意願能力",相對人目前未與被監護人同住，無法觀察其互動狀況。被告於婚後僅半年時間即出現違背婚姻誠信之行為，足見被告守護婚姻、家庭之觀念薄弱，且斯時林子彤業已出生，則由被告不顧婚姻、家庭之經營，執意與陳婉茹通姦之行為觀之，被告實已罔顧林子彤未來家庭生活之幸福圓滿,"親子感情,父母生活,父母品行"
95,"201607/臺灣高雄少年及家事法院民事/KSYV,103,家親聲,616,20160729,2.json",49_38_e20a64,a,綜上所述，兩造在經濟狀況、居住環境、支持系統上均有能力照顧兩名子女，亦皆有高度監護意願，本院審酌上開事證及相關調查、訪視報告、程序監理人意見暨家事調查官報告，考量未成年子女出生後持續主要由甲○○為照顧，長期已建立穩定之依附關係及生活模式兼衡未成年子女蔡OO年紀尚幼，對主要照顧者之依賴甚深，不宜突然改變主要照顧者，造成不安全感，且未成年子女過往之生活型態確與甲○○之互動較親密而頻繁另未成年子女蔡OO已滿_AgesYear_，具相當之自理生活能力，已可理解親權之意義並表達意願，其亦明確表示希望由甲○○擔任行使親權之人，暨甲○○目前之支持系統、監護動機及意願均佳二名未成年子女對於新環境均適應良好等一切情狀，因認對於兩造所生未成年子女蔡OO、蔡OO權利義務之行使或負擔由聲請人甲○○任之，較能符合上開未成年子女之最佳利益,"子女年齡,親子感情,父母生活,支持系統,父母經濟,子女意願,意願能力,主要照顧",甲○○友善父母觀念確仍待加強,友善父母,綜上所述，兩造在經濟狀況、居住環境、支持系統上均有能力照顧兩名子女，亦皆有高度監護意願，,"父母生活,意願能力,支持系統,父母經濟",與乙○○則較疏離,親子感情
96,"201604/臺灣新北地方法院民事/PCDV,104,婚,631,20160421,2.json",51_10_45bd47,b,具備監護案主之意願，有展現扶養案主之積極態度及行動力。評估聲請人也是能夠獨力承攬起養育案主之經濟能力無礙。評估聲請人應可給予案主安定生活的成長無虞，兩造均有正當工作及穩定收入，亦有監護子女意願，且在穩定之照顧支持系統扶助下，皆能提供子女基本之生活無虞。,"意願能力,支持系統,父母經濟",觀聲請人僅於陳俊維甫出生時與其有短暫相處數日，欠缺實際照顧經驗，父子關係疏離，,親子感情,綜上所述，相對人過往至迄今皆為未成年子女實際照顧者，且於教養能力、照護環境、非正式支持系統等方面皆穩定，且具高度擔任親權意願；爭取親權動機亦為正向目的，且未成子女與相對人互動狀況良好。兩造均有正當工作及穩定收入，亦有監護子女意願，且在穩定之照顧支持系統扶助下，皆能提供子女基本之生活無虞。又未成年子女甫滿_AgesYear_，尚屬年幼階段，參酌一般在雙親家庭中成長之兒童，母親之角色有其獨特之女性人格特質，最能瞭解小孩在生活上需要，母親亦往往較能照顧小孩的生活起居，此尤以年幼子女為甚再者，於親子關係方面，母親亦往往較父親更能促進親子互動溝通，而於兩造與子女互動觀察上，相對人之人特質及教養方式亦符合上開描述審酌兩造之親職能力、任親權人意願、親子間之感情親疏及子女照顧現況，暨參酌幼年從母原則、主要照顧者原則、繼續性維持原則，認兩造所生未成年子女陳俊維權利義務之行使或負擔應由相對人任之，較符合子女之最佳利益。,"子女年齡,親子感情,父母生活,支持系統,父母經濟,子女意願,意願能力,主要照顧",,
97,"201712/臺灣臺北地方法院民事/TPDV,105,家親聲抗,22,20171225,1.json",08_28_637000,a,甲○○、丙○○年齡均幼，自小由抗告人及抗告人家人照顧，依附情感深厚，現仍由抗告人及抗告人家人照顧，並無不適等一切情狀有親權能力，均有意願擔任親權人，並無不適之情況,"子女年齡,意願能力,支持系統",,,有親權能力，均有意願擔任親權人，並無不適之情況,"親子感情,意願能力",,
98,"201701/臺灣士林地方法院民事/SLDV,105,婚,233,20170103,2.json",52_13_21d0d3,a,其為家中經濟支柱及現在未成年子女的主要照顧者，故希冀單獨行使未成年子女親權。評估原告具有監護意願，監護動機為正向目的，使未成年子女獲得良好生活及穩定的照顧兩造在親職能力、教育規劃能力、經濟收入，皆具有適當之能力，有高度監護意願，於經濟能力、親職能力、支援系統、教育規劃、親子互動方面均較被告為優長期負起照護乙○之責，更耐心教導乙○關於課業、上下學交通等各項事宜，更與未成年子女乙○相處情形甚佳，親子關係良好，情感依附關係甚為緊密，應能單獨行使未成年子女乙○之親權。故本院綜核上情，認兩造所生未成年子女乙○權利義務之行使或負擔應由原告單獨任之，始符合未成年子女之最佳利益，,"親子感情,支持系統,父母經濟,意願能力,主要照顧",,,為未成年子女出生迄今皆為主要照顧者，親子互動親密。被告陳述，為維持庭之完整性，希冀與原告共同照顧未成年子女兩造在親職能力、教育規劃能力、經濟收入，皆具有適當之能力，,"主要照顧,親子感情,意願能力,父母經濟",認被告監護意願非高，亦無教養計畫，復無支持系統，已難認有單獨監護未成年子女乙○之足夠能力；灌輸未成年子女負面之交友觀念，影響其開拓正常人際關係，且被告更未用心輔導或關心乙○之在學狀況，作息模式亦已影響乙○之生活，,"親子感情,意願能力,支持系統,人格發展"
99,"201708/臺灣新北地方法院民事/PCDV,105,家親聲,317,20170831,1.json",39_44_b0777b,a,原告為3名未成年子女之主要照顧者，並能提供3名未成年子女穩定生活及正向發展，訪視時觀察未成年子女1及未成年子女2無受不當照顧情形，與原告之互動情形亦良好，故評估原告具相當親權能力原告能夠具體陳述對3名未成年子女之教育理念及教養態度，且原告皆會於休假及空閒時，陪伴3名未成年子女外出遊玩，並能培養親子互動及滿足2名未成年子女生理及心理上之需求。再者，原告目前有穩定工作及收入來源，評估原告尚能提供本身及3名未成年子女基本生活所需，且原告亦能提供3名未成年子女適當之兒童生活空間。由原告簽屬聯絡薄，故可掌握瞭解未成年子女1及未成年子女2在校狀況，原告未來仍會維持此教育方式，以陪伴、溝通方式為主，對於未來教育計晝，原告會依3名未成年子女興趣給予栽培，亦鼓勵3名未成年子女主動學習其興趣目前生活起居照顧皆由原告照料，倘若兩造無法維繫婚姻關係，仍較期待能與兩造與3名未成年子女同住，訪視觀察未成年子女1及未成年子女2與原告互動親密、自然，有高度正向依附關係，未成年子女1及未成年子女2目前生活適應良好，無受不當照顧訪視過程中觀察發現原告與未成年子女1及未成年子女2互動良好，親子間有高度依附關係，並無過度管教及不適任扶養之情形，未成年子女1及未成年子女2生活適應能力良好且受到穩定的照顧，評估原告具良好教養能力。實地查訪原告住處的社區環境足以提供食衣住行育樂的活動安排，而內部居家環境的設備完善，環境寬敞且乾淨整潔，內部光線明亮度及空氣流通性均屬良好，亦可提供3名未成年子女居住的穩定性,"親子感情,父母生活,父母經濟,子女意願,意願能力,主要照顧",惟未成年子女3目前與被告同住，故無法觀察原告與未成年子女3之互動情形。3名未成年子女於兩造上班時係由聲請人父母幫忙協助照顧等情明確,支持系統,被告是有爭取案主3監護權之強烈意願及態度，也確實是把案主3帶在身邊親自照顧被告有正式工作及兼職開班授課之兩份薪資收入，現獨自扶養案主3之收支為足用可有結餘，且在與未同住的案主1及案主2探視相處時，也能夠適時替他們購買日常所需物品滿足他們的需求，評估被告若獨自照顧案主3，其經濟能力是為足夠案主3確實當天在身體不舒服時是會直接對被告撒嬌求助，而被告有給予安撫，案主3也安心的在被告身上睡著，案主3應是對被告有一定程度的依賴感及安全感存在，被告對案主3的成長概況及性格特質也為清楚，評估案主3與被告間的親子關係應是良好,"親子感情,意願能力,父母生活,父母經濟",惟原告目前未與未成年子女3同住，無法觀察其與未成年子女互動情形。私自帶走未成年人王鈞霆，未能善盡善意父母之原則對監護案主1及案主2之作為則顯得為可有可無。相對人曾有大聲喝斥未成年子女，且於孩子熟睡後將小孩帶出門然若案主們3人皆由被告養育，則被告應是需要在原告的合作負擔扶養費下，才較能提供案主們周全的照顧無礙案家物品也確實稍微凌亂，建議被告在案主3遊戲結束後應將東西歸位，保持整潔應更為妥當案主3現尚幼小，故配合被告到工作地休息或活動尚可，但日後案主3進入國小後，則這樣的生活模式恐不適切，恐會影響到案主的就學及生活作息，因此針對未來長久照顧計劃，被告應當做進一步的提前規讓案主3的成長更有保障與安穩。輪班工作時會將子女攜至身邊之照顧模式，亦不利子女就學後之生活適應和學習,"親子感情,友善父母,父母生活,父母經濟"
100,"201507/臺灣高雄少年及家事法院民事/KSYV,103,婚,457,20150720,1.json",00_01_32139b,a,自被監護人嬰幼兒時期照顧養護迄今，原告對於被監護人的就醫、就學都能積極處理，且生活作息都能安排得宜，其照顧人力、親職能力也較被告優勢。,"親子感情,意願能力",,,未成年子陳○旺身體有隱疾，無論就教育、醫療、空氣品質而言，臺灣環境均比大陸地區佳，且陳○旺無大陸地區國籍，為未成年人利益，其權利義務之行使或負擔，應由被告任之,父母生活,平常既非未成年子之主要照顧者，且其與未成年子陳○旺未營共同生活逾3年半之久，其親職照顧能力應較原告為薄弱，親子關係亦較疏離,"主要照顧,親子感情,意願能力"
101,"201504/臺灣嘉義地方法院民事/CYDV,104,婚,23,20150401,1.json",42_14_2cfde0,a,兩造長女現年_AgesYear_、長男現年_AgesYear_，均到庭表示希望由原告行使親權。本院告知被告欲爭取任親權人一事後，長女仍表達希望由父親監護，也明確表示自己對於會面交往方式及時間的意願。又原告住處雖在嘉義縣梅山鄉瑞里村，卻將長女送往位於嘉義市之輔仁中學就讀，每學期學費高達_AmountOfMoney_，可見對長女教育之重視。長女也表示原告注重品格教育，多數的事情都可以和原告商量。原告之經濟狀況尚可，有親屬提供必要支援及子女現受照顧情況，暨子女表達希望維持與原告同住之現況，認為兩造所生長女、長男權利義務行使或負擔，均由原告任之，較符合子女之最佳利益,"親子感情,父母生活,支持系統,父母經濟,子女意願,意願能力,主要照顧",,,被告原為越南國籍，雖已在台設籍,父母生活,被告於100年間離家時長男年僅_AgesYear_，近3年來與長男僅偶爾聯繫，與長男間感情本較為疏離。被告原為越南國籍，雖已在台設籍，但在台無親屬支持系統，目前也是租屋而居。被告上開懷疑擔心無非站在自己立場思考，沒有考慮子女的意願及實際生活上原告確實提供較多的資助。兩造長女陳稱被告從事採茶工作經常需要前往外地，被告當庭並未予以否認可見被告也非有固定的時間可以照顧長女或讓在嘉義市就學的長女可以每天回家無庸住校,"子女年齡,親子感情,父母生活,意願能力,父母職業"
102,"201702/臺灣彰化地方法院民事/CHDV,106,婚,10,20170222,1.json",06_06_c8e0f8,c,每月收入為_AmountOfMoney_，工作穩定度佳，不過由於訪視案母時，案母家人表示針對於案主們的開銷，由於家人每人皆有各自的負擔，因此無法協助案母分擔案主們之開銷，但在家庭之零瑣開銷上，仍可一起分擔，因此透過案母描述後，評估案母目前整體經濟狀況為尚可。未成年子女余○詒、余○璿、余○安現與原告及家人同住，生活情況良好，且於訪視中顯示其與兩造及家人均有密切依附關係與互動，過程中明確並表示希望與原告共同生活本院認為緩和雙方離婚對子女不當之衝擊，使父母能以善意原則實質共同參與子女養育，認為對於兩造所生未成年子女余○詒、余○璿、余○安及余○廷權利義務之行使及負擔，均由兩造共同任之,"親子感情,支持系統,父母經濟,子女意願,友善父母",,,未成年子女余○廷則有願由被告監護本院認為緩和雙方離婚對子女不當之衝擊，使父母能以善意原則實質共同參與子女養育，認為對於兩造所生未成年子女余○詒、余○璿、余○安及余○廷權利義務之行使及負擔，均由兩造共同任之，但余○詒、余○璿、余○安與原告同住生活，由原告擔任其主要照顧者,"子女意願,意願能力,友善父母",為了償還債務已轉售房子，使案父目前須已租屋為居住場所，故考量案父住所非己有，且案父於_SpecificDate_開始承租之情況下，評估案父之居住穩定性不佳。目前獨自居住，無其他家人同住，考量案主們仍年幼，若無家人能協助照顧，恐有發生危險，故評估案父之家庭支持度為不佳。,"子女年齡,父母生活,支持系統,父母經濟"
104,"201607/臺灣雲林地方法院民事/ULDV,105,婚,91,20160715,1.json",18_09_0248f5,a,均具備照顧案童能力，且案童長期由原告照顧，未發現不利之情事，成長狀況亦良好，似無變動案童照顧現況之理由，若與原告共有監護權利，可增進被告承擔養育案童責任之動機，且兩造並無重大衝突，可共同參與案童成長歷程，避免未監護之一方親子關係疏離，故本案建議兩造共同監護，並考量上開未成年子女自出生迄今皆與由原告照顧日常生活而正常成長，為有利於上開未成年子女穩定生活及建立親密依附關係等情，認為有關上開未成年子女權利義務之行使或負擔，由原告任之，較符合上開未成年子女之最佳利益，,親子感情,,,仍有監護案童意願，若與原告共有監護權利，可增進被告承擔養育案童責任之動機，且兩造並無重大衝突，可共同參與案童成長歷程，避免未監護之一方親子關係疏離，故本案建議兩造共同監護，,意願能力,視力尚有待治療，且支持資源不足，又其教養規劃由其高齡父母承擔照顧之責，似較不符合案童成長需求，甚少參與照顧上開未成年子女，且自_SpecificDate_兩造分居後，被告即未曾與上開未成年子女共同生活，,"父母健康,意願能力"
